,ST Code,STATE NAME,DT Code,DISTRICT NAME,SDT Code,SUB-DISTRICT NAME,Town Code,Area Name
0,28,ANDHRA PRADESH,0,ANDHRA PRADESH,0,ANDHRA PRADESH,0,ANDHRA PRADESH
1,28,ANDHRA PRADESH,532,Adilabad,0,Adilabad,0,Adilabad
2,28,ANDHRA PRADESH,532,Adilabad,4305,Tamsi,0,Tamsi
3,28,ANDHRA PRADESH,532,Adilabad,4306,Adilabad,0,Adilabad
4,28,ANDHRA PRADESH,532,Adilabad,4306,Adilabad,802896,Adilabad (M)
5,28,ANDHRA PRADESH,532,Adilabad,4307,Jainad,0,Jainad
6,28,ANDHRA PRADESH,532,Adilabad,4308,Bela,0,Bela
7,28,ANDHRA PRADESH,532,Adilabad,4309,Talamadugu,0,Talamadugu
8,28,ANDHRA PRADESH,532,Adilabad,4310,Gudihathnoor,0,Gudihathnoor
9,28,ANDHRA PRADESH,532,Adilabad,4311,Inderavelly,0,Inderavelly
10,28,ANDHRA PRADESH,532,Adilabad,4312,Narnoor,0,Narnoor
11,28,ANDHRA PRADESH,532,Adilabad,4313,Kerameri ,0,Kerameri 
12,28,ANDHRA PRADESH,532,Adilabad,4314,Wankdi,0,Wankdi
13,28,ANDHRA PRADESH,532,Adilabad,4315,Sirpur (T),0,Sirpur (T)
14,28,ANDHRA PRADESH,532,Adilabad,4316,Kouthala,0,Kouthala
15,28,ANDHRA PRADESH,532,Adilabad,4317,Bejjur,0,Bejjur
16,28,ANDHRA PRADESH,532,Adilabad,4318,Kagaznagar,0,Kagaznagar
17,28,ANDHRA PRADESH,532,Adilabad,4318,Kagaznagar,802897,Kagaznagar (M)
18,28,ANDHRA PRADESH,532,Adilabad,4319,Asifabad ,0,Asifabad 
19,28,ANDHRA PRADESH,532,Adilabad,4320,Jainoor,0,Jainoor
20,28,ANDHRA PRADESH,532,Adilabad,4321,Utnoor,0,Utnoor
21,28,ANDHRA PRADESH,532,Adilabad,4322,Ichoda,0,Ichoda
22,28,ANDHRA PRADESH,532,Adilabad,4323,Bazarhathnoor,0,Bazarhathnoor
23,28,ANDHRA PRADESH,532,Adilabad,4324,Boath,0,Boath
24,28,ANDHRA PRADESH,532,Adilabad,4325,Neradigonda,0,Neradigonda
25,28,ANDHRA PRADESH,532,Adilabad,4326,Sirpur,0,Sirpur
26,28,ANDHRA PRADESH,532,Adilabad,4327,Rebbana,0,Rebbana
27,28,ANDHRA PRADESH,532,Adilabad,4328,Bhimini,0,Bhimini
28,28,ANDHRA PRADESH,532,Adilabad,4329,Dahegaon,0,Dahegaon
29,28,ANDHRA PRADESH,532,Adilabad,4330,Vemanpalle,0,Vemanpalle
30,28,ANDHRA PRADESH,532,Adilabad,4331,Nennal,0,Nennal
31,28,ANDHRA PRADESH,532,Adilabad,4332,Tandur,0,Tandur
32,28,ANDHRA PRADESH,532,Adilabad,4333,Tiryani,0,Tiryani
33,28,ANDHRA PRADESH,532,Adilabad,4334,Jannaram,0,Jannaram
34,28,ANDHRA PRADESH,532,Adilabad,4335,Kaddam (Peddur),0,Kaddam (Peddur)
35,28,ANDHRA PRADESH,532,Adilabad,4336,Sarangapur,0,Sarangapur
36,28,ANDHRA PRADESH,532,Adilabad,4337,Kuntala,0,Kuntala
37,28,ANDHRA PRADESH,532,Adilabad,4338,Kubeer,0,Kubeer
38,28,ANDHRA PRADESH,532,Adilabad,4339,Bhainsa,0,Bhainsa
39,28,ANDHRA PRADESH,532,Adilabad,4339,Bhainsa,802898,Bhainsa (M)
40,28,ANDHRA PRADESH,532,Adilabad,4340,Tanoor,0,Tanoor
41,28,ANDHRA PRADESH,532,Adilabad,4341,Mudhole,0,Mudhole
42,28,ANDHRA PRADESH,532,Adilabad,4342,Lokeswaram,0,Lokeswaram
43,28,ANDHRA PRADESH,532,Adilabad,4343,Dilawarpur,0,Dilawarpur
44,28,ANDHRA PRADESH,532,Adilabad,4344,Nirmal,0,Nirmal
45,28,ANDHRA PRADESH,532,Adilabad,4344,Nirmal,802899,Nirmal (M)
46,28,ANDHRA PRADESH,532,Adilabad,4345,Laxmanchanda,0,Laxmanchanda
47,28,ANDHRA PRADESH,532,Adilabad,4346,Mamda,0,Mamda
48,28,ANDHRA PRADESH,532,Adilabad,4347,Khanapur,0,Khanapur
49,28,ANDHRA PRADESH,532,Adilabad,4348,Dandepalle,0,Dandepalle
50,28,ANDHRA PRADESH,532,Adilabad,4349,Kasipet,0,Kasipet
51,28,ANDHRA PRADESH,532,Adilabad,0,Adilabad,802900,Bellampalle (M)
52,28,ANDHRA PRADESH,532,Adilabad,4349,Kasipet,802900,Bellampalle (M) (Part)
53,28,ANDHRA PRADESH,532,Adilabad,4350,Bellampalle,0,Bellampalle
54,28,ANDHRA PRADESH,532,Adilabad,4350,Bellampalle,802900,Bellampalle (M) (Part)
55,28,ANDHRA PRADESH,532,Adilabad,4351,Kotapalle,0,Kotapalle
56,28,ANDHRA PRADESH,532,Adilabad,4352,Mandamarri,0,Mandamarri
57,28,ANDHRA PRADESH,532,Adilabad,4352,Mandamarri,802901,Mandamarri (M)
58,28,ANDHRA PRADESH,532,Adilabad,4353,Luxettipet,0,Luxettipet
59,28,ANDHRA PRADESH,532,Adilabad,4354,Mancherial,0,Mancherial
60,28,ANDHRA PRADESH,532,Adilabad,4354,Mancherial,802902,Mancherial (M + OG)
61,28,ANDHRA PRADESH,532,Adilabad,4354,Mancherial,802902,Mancherial (M)
62,28,ANDHRA PRADESH,532,Adilabad,4355,Jaipur,0,Jaipur
63,28,ANDHRA PRADESH,532,Adilabad,4356,Chennur,0,Chennur
64,28,ANDHRA PRADESH,533,Nizamabad,0,Nizamabad,0,Nizamabad
65,28,ANDHRA PRADESH,533,Nizamabad,4357,Ranjal,0,Ranjal
66,28,ANDHRA PRADESH,533,Nizamabad,4358,Navipet,0,Navipet
67,28,ANDHRA PRADESH,533,Nizamabad,4359,Nandipet,0,Nandipet
68,28,ANDHRA PRADESH,533,Nizamabad,4360,Armur,0,Armur
69,28,ANDHRA PRADESH,533,Nizamabad,4360,Armur,802903,Armur (M + OG)
70,28,ANDHRA PRADESH,533,Nizamabad,4360,Armur,802903,Armur (M)
71,28,ANDHRA PRADESH,533,Nizamabad,4361,Balkonda,0,Balkonda
72,28,ANDHRA PRADESH,533,Nizamabad,4362,Mortad,0,Mortad
73,28,ANDHRA PRADESH,533,Nizamabad,4363,Kammarpalle,0,Kammarpalle
74,28,ANDHRA PRADESH,533,Nizamabad,4364,Bheemgal,0,Bheemgal
75,28,ANDHRA PRADESH,533,Nizamabad,4365,Velpur,0,Velpur
76,28,ANDHRA PRADESH,533,Nizamabad,4366,Jakranpalle,0,Jakranpalle
77,28,ANDHRA PRADESH,533,Nizamabad,4367,Makloor,0,Makloor
78,28,ANDHRA PRADESH,533,Nizamabad,4368,Nizamabad,0,Nizamabad
79,28,ANDHRA PRADESH,533,Nizamabad,4368,Nizamabad,802904,Nizamabad (M Corp.)
80,28,ANDHRA PRADESH,533,Nizamabad,4369,Yedpalle,0,Yedpalle
81,28,ANDHRA PRADESH,533,Nizamabad,4370,Bodhan,0,Bodhan
82,28,ANDHRA PRADESH,533,Nizamabad,4370,Bodhan,802905,Bodhan (M)
83,28,ANDHRA PRADESH,533,Nizamabad,4371,Kotgiri,0,Kotgiri
84,28,ANDHRA PRADESH,533,Nizamabad,4372,Madnoor,0,Madnoor
85,28,ANDHRA PRADESH,533,Nizamabad,4373,Jukkal,0,Jukkal
86,28,ANDHRA PRADESH,533,Nizamabad,4374,Bichkunda,0,Bichkunda
87,28,ANDHRA PRADESH,533,Nizamabad,4375,Birkoor,0,Birkoor
88,28,ANDHRA PRADESH,533,Nizamabad,4376,Varni,0,Varni
89,28,ANDHRA PRADESH,533,Nizamabad,4377,Dichpalle,0,Dichpalle
90,28,ANDHRA PRADESH,533,Nizamabad,4378,Dharpalle,0,Dharpalle
91,28,ANDHRA PRADESH,533,Nizamabad,4379,Sirkonda,0,Sirkonda
92,28,ANDHRA PRADESH,533,Nizamabad,4380,Machareddy,0,Machareddy
93,28,ANDHRA PRADESH,533,Nizamabad,4381,Sadasivanagar,0,Sadasivanagar
94,28,ANDHRA PRADESH,533,Nizamabad,4382,Gandhari,0,Gandhari
95,28,ANDHRA PRADESH,533,Nizamabad,4383,Banswada,0,Banswada
96,28,ANDHRA PRADESH,533,Nizamabad,4384,Pitlam,0,Pitlam
97,28,ANDHRA PRADESH,533,Nizamabad,4385,Nizamsagar,0,Nizamsagar
98,28,ANDHRA PRADESH,533,Nizamabad,4386,Yellareddy,0,Yellareddy
99,28,ANDHRA PRADESH,533,Nizamabad,4387,Nagareddipet,0,Nagareddipet
100,28,ANDHRA PRADESH,533,Nizamabad,4388,Lingampet,0,Lingampet
101,28,ANDHRA PRADESH,533,Nizamabad,4389,Tadwai,0,Tadwai
102,28,ANDHRA PRADESH,533,Nizamabad,4390,Kamareddy,0,Kamareddy
103,28,ANDHRA PRADESH,533,Nizamabad,4390,Kamareddy,802906,Kamareddy (M)
104,28,ANDHRA PRADESH,533,Nizamabad,4391,Bhiknoor,0,Bhiknoor
105,28,ANDHRA PRADESH,533,Nizamabad,4392,Domakonda,0,Domakonda
106,28,ANDHRA PRADESH,534,Karimnagar,0,Karimnagar,0,Karimnagar
107,28,ANDHRA PRADESH,534,Karimnagar,0,Karimnagar,802907,Ramagundam (M + OG)
108,28,ANDHRA PRADESH,534,Karimnagar,0,Karimnagar,802911,Karimnagar (M Corp. + OG)
109,28,ANDHRA PRADESH,534,Karimnagar,4393,Ibrahimpatnam,0,Ibrahimpatnam
110,28,ANDHRA PRADESH,534,Karimnagar,4394,Mallapur,0,Mallapur
111,28,ANDHRA PRADESH,534,Karimnagar,4395,Raikal,0,Raikal
112,28,ANDHRA PRADESH,534,Karimnagar,4396,Sarangapur,0,Sarangapur
113,28,ANDHRA PRADESH,534,Karimnagar,4397,Dharmapuri,0,Dharmapuri
114,28,ANDHRA PRADESH,534,Karimnagar,4398,Velgatoor,0,Velgatoor
115,28,ANDHRA PRADESH,534,Karimnagar,4399,Ramagundam,0,Ramagundam
116,28,ANDHRA PRADESH,534,Karimnagar,4399,Ramagundam,802907,Ramagundam (M + OG) (Part)
117,28,ANDHRA PRADESH,534,Karimnagar,4399,Ramagundam,802907,Ramagundam (M)
118,28,ANDHRA PRADESH,534,Karimnagar,4400,Kamanpur,0,Kamanpur
119,28,ANDHRA PRADESH,534,Karimnagar,4400,Kamanpur,802907,Ramagundam (M + OG) (Part)
120,28,ANDHRA PRADESH,534,Karimnagar,4401,Manthani,0,Manthani
121,28,ANDHRA PRADESH,534,Karimnagar,4402,Kataram,0,Kataram
122,28,ANDHRA PRADESH,534,Karimnagar,4403,Mahadevpur,0,Mahadevpur
123,28,ANDHRA PRADESH,534,Karimnagar,4404,Mutharam (Mahadevpur),0,Mutharam (Mahadevpur)
124,28,ANDHRA PRADESH,534,Karimnagar,4405,Malharrao,0,Malharrao
125,28,ANDHRA PRADESH,534,Karimnagar,4406,Mutharam (Manthani),0,Mutharam (Manthani)
126,28,ANDHRA PRADESH,534,Karimnagar,4407,Srirampur,0,Srirampur
127,28,ANDHRA PRADESH,534,Karimnagar,4408,Peddapalle,0,Peddapalle
128,28,ANDHRA PRADESH,534,Karimnagar,4409,Julapalle,0,Julapalle
129,28,ANDHRA PRADESH,534,Karimnagar,4410,Elgaid,0,Elgaid
130,28,ANDHRA PRADESH,534,Karimnagar,4411,Dharmaram,0,Dharmaram
131,28,ANDHRA PRADESH,534,Karimnagar,4412,Gollapalle,0,Gollapalle
132,28,ANDHRA PRADESH,534,Karimnagar,4413,Mallial,0,Mallial
133,28,ANDHRA PRADESH,534,Karimnagar,4414,Jagtial,0,Jagtial
134,28,ANDHRA PRADESH,534,Karimnagar,4414,Jagtial,802908,Jagtial (M + OG)
135,28,ANDHRA PRADESH,534,Karimnagar,4414,Jagtial,802908,Jagtial (M)
136,28,ANDHRA PRADESH,534,Karimnagar,4415,Medipalle,0,Medipalle
137,28,ANDHRA PRADESH,534,Karimnagar,4416,Koratla,0,Koratla
138,28,ANDHRA PRADESH,534,Karimnagar,4416,Koratla,802909,Koratla (M)
139,28,ANDHRA PRADESH,534,Karimnagar,4417,Metpalle,0,Metpalle
140,28,ANDHRA PRADESH,534,Karimnagar,4417,Metpalle,802910,Metpalle (M)
141,28,ANDHRA PRADESH,534,Karimnagar,4418,Kathlapur,0,Kathlapur
142,28,ANDHRA PRADESH,534,Karimnagar,4419,Chandurthi,0,Chandurthi
143,28,ANDHRA PRADESH,534,Karimnagar,4420,Kodimial,0,Kodimial
144,28,ANDHRA PRADESH,534,Karimnagar,4421,Pegadapalle,0,Pegadapalle
145,28,ANDHRA PRADESH,534,Karimnagar,4422,Gangadhara,0,Gangadhara
146,28,ANDHRA PRADESH,534,Karimnagar,4423,Ramadugu,0,Ramadugu
147,28,ANDHRA PRADESH,534,Karimnagar,4424,Choppadandi,0,Choppadandi
148,28,ANDHRA PRADESH,534,Karimnagar,4425,Sultanabad,0,Sultanabad
149,28,ANDHRA PRADESH,534,Karimnagar,4426,Odela,0,Odela
150,28,ANDHRA PRADESH,534,Karimnagar,4427,Manakondur,0,Manakondur
151,28,ANDHRA PRADESH,534,Karimnagar,4428,Karimnagar,0,Karimnagar
152,28,ANDHRA PRADESH,534,Karimnagar,4428,Karimnagar,802911,Karimnagar (M Corp. + OG) (Part)
153,28,ANDHRA PRADESH,534,Karimnagar,4428,Karimnagar,802911,Karimnagar (M Corp.)
154,28,ANDHRA PRADESH,534,Karimnagar,4429,Boinpalle,0,Boinpalle
155,28,ANDHRA PRADESH,534,Karimnagar,4430,Vemulawada,0,Vemulawada
156,28,ANDHRA PRADESH,534,Karimnagar,4431,Konaraopeta,0,Konaraopeta
157,28,ANDHRA PRADESH,534,Karimnagar,4432,Yellareddipet,0,Yellareddipet
158,28,ANDHRA PRADESH,534,Karimnagar,4433,Gambhiraopet,0,Gambhiraopet
159,28,ANDHRA PRADESH,534,Karimnagar,4434,Mustabad,0,Mustabad
160,28,ANDHRA PRADESH,534,Karimnagar,4435,Sircilla,0,Sircilla
161,28,ANDHRA PRADESH,534,Karimnagar,4435,Sircilla,802912,Sircilla (M + OG)
162,28,ANDHRA PRADESH,534,Karimnagar,4435,Sircilla,802912,Sircilla (M)
163,28,ANDHRA PRADESH,534,Karimnagar,4436,Ellanthakunta,0,Ellanthakunta
164,28,ANDHRA PRADESH,534,Karimnagar,4437,Bejjanki,0,Bejjanki
165,28,ANDHRA PRADESH,534,Karimnagar,4438,Timmapur (LMD Colony),0,Timmapur (LMD Colony)
166,28,ANDHRA PRADESH,534,Karimnagar,4438,Timmapur (LMD Colony),802911,Karimnagar (M Corp. + OG) (Part)
167,28,ANDHRA PRADESH,534,Karimnagar,4439,Veenavanka,0,Veenavanka
168,28,ANDHRA PRADESH,534,Karimnagar,4440,Jammikunta,0,Jammikunta
169,28,ANDHRA PRADESH,534,Karimnagar,4441,Shankarapatnam,0,Shankarapatnam
170,28,ANDHRA PRADESH,534,Karimnagar,4442,Chigurumamidi,0,Chigurumamidi
171,28,ANDHRA PRADESH,534,Karimnagar,4443,Koheda,0,Koheda
172,28,ANDHRA PRADESH,534,Karimnagar,4444,Husnabad,0,Husnabad
173,28,ANDHRA PRADESH,534,Karimnagar,4445,Saidapur,0,Saidapur
174,28,ANDHRA PRADESH,534,Karimnagar,4446,Huzurabad,0,Huzurabad
175,28,ANDHRA PRADESH,534,Karimnagar,4447,Kamalapur,0,Kamalapur
176,28,ANDHRA PRADESH,534,Karimnagar,4448,Bheemadevarpalle,0,Bheemadevarpalle
177,28,ANDHRA PRADESH,534,Karimnagar,4449,Elkathurthi,0,Elkathurthi
178,28,ANDHRA PRADESH,535,Medak,0,Medak,0,Medak
179,28,ANDHRA PRADESH,535,Medak,4450,Kangti,0,Kangti
180,28,ANDHRA PRADESH,535,Medak,4451,Manoor,0,Manoor
181,28,ANDHRA PRADESH,535,Medak,4452,Narayankhed,0,Narayankhed
182,28,ANDHRA PRADESH,535,Medak,4453,Kalher,0,Kalher
183,28,ANDHRA PRADESH,535,Medak,4454,Shankarampet (A),0,Shankarampet (A)
184,28,ANDHRA PRADESH,535,Medak,4455,Papannapet,0,Papannapet
185,28,ANDHRA PRADESH,535,Medak,4456,Medak,0,Medak
186,28,ANDHRA PRADESH,535,Medak,4456,Medak,802913,Medak (M + OG)
187,28,ANDHRA PRADESH,535,Medak,4456,Medak,802913,Medak (M)
188,28,ANDHRA PRADESH,535,Medak,4457,Ramayampet,0,Ramayampet
189,28,ANDHRA PRADESH,535,Medak,4458,Dubbak,0,Dubbak
190,28,ANDHRA PRADESH,535,Medak,4459,Siddipet,0,Siddipet
191,28,ANDHRA PRADESH,535,Medak,4459,Siddipet,802914,Siddipet (M + OG)
192,28,ANDHRA PRADESH,535,Medak,4459,Siddipet,802914,Siddipet (M)
193,28,ANDHRA PRADESH,535,Medak,4460,Chinnakodur,0,Chinnakodur
194,28,ANDHRA PRADESH,535,Medak,4461,Nangnoor,0,Nangnoor
195,28,ANDHRA PRADESH,535,Medak,4462,Kondapak,0,Kondapak
196,28,ANDHRA PRADESH,535,Medak,4463,Thoguta,0,Thoguta
197,28,ANDHRA PRADESH,535,Medak,4464,Mirdoddi,0,Mirdoddi
198,28,ANDHRA PRADESH,535,Medak,4465,Doultabad,0,Doultabad
199,28,ANDHRA PRADESH,535,Medak,4466,Chegunta,0,Chegunta
200,28,ANDHRA PRADESH,535,Medak,4467,Shankarampet (R),0,Shankarampet (R)
201,28,ANDHRA PRADESH,535,Medak,4468,Kulcharam,0,Kulcharam
202,28,ANDHRA PRADESH,535,Medak,4469,Tekmal,0,Tekmal
203,28,ANDHRA PRADESH,535,Medak,4470,Alladurg,0,Alladurg
204,28,ANDHRA PRADESH,535,Medak,4471,Regode,0,Regode
205,28,ANDHRA PRADESH,535,Medak,4472,Raikode,0,Raikode
206,28,ANDHRA PRADESH,535,Medak,4473,Nyalkal,0,Nyalkal
207,28,ANDHRA PRADESH,535,Medak,4474,Zahirabad,0,Zahirabad
208,28,ANDHRA PRADESH,535,Medak,4474,Zahirabad,802915,Zahirabad (M + OG)
209,28,ANDHRA PRADESH,535,Medak,4474,Zahirabad,802915,Zahirabad (M)
210,28,ANDHRA PRADESH,535,Medak,4475,Kohir,0,Kohir
211,28,ANDHRA PRADESH,535,Medak,4476,Jharasangam,0,Jharasangam
212,28,ANDHRA PRADESH,535,Medak,4477,Munpalle,0,Munpalle
213,28,ANDHRA PRADESH,535,Medak,4478,Pulkal,0,Pulkal
214,28,ANDHRA PRADESH,535,Medak,4479,Andole,0,Andole
215,28,ANDHRA PRADESH,535,Medak,4480,Kowdipalle,0,Kowdipalle
216,28,ANDHRA PRADESH,535,Medak,4481,Yeldurthy,0,Yeldurthy
217,28,ANDHRA PRADESH,535,Medak,4482,Tupran,0,Tupran
218,28,ANDHRA PRADESH,535,Medak,4483,Gajwel,0,Gajwel
219,28,ANDHRA PRADESH,535,Medak,4484,Jagdevpur,0,Jagdevpur
220,28,ANDHRA PRADESH,535,Medak,4485,Wargal,0,Wargal
221,28,ANDHRA PRADESH,535,Medak,4486,Mulug,0,Mulug
222,28,ANDHRA PRADESH,535,Medak,4487,Shivampet,0,Shivampet
223,28,ANDHRA PRADESH,535,Medak,4488,Narsapur,0,Narsapur
224,28,ANDHRA PRADESH,535,Medak,4489,Hathnoora,0,Hathnoora
225,28,ANDHRA PRADESH,535,Medak,4490,Sadasivpet,0,Sadasivpet
226,28,ANDHRA PRADESH,535,Medak,4490,Sadasivpet,802916,Sadasivpet (M + OG)
227,28,ANDHRA PRADESH,535,Medak,4490,Sadasivpet,802916,Sadasivpet (M)
228,28,ANDHRA PRADESH,535,Medak,4491,Kondapur,0,Kondapur
229,28,ANDHRA PRADESH,535,Medak,4492,Sangareddy,0,Sangareddy
230,28,ANDHRA PRADESH,535,Medak,4492,Sangareddy,802917,Sangareddy (M + OG)
231,28,ANDHRA PRADESH,535,Medak,4492,Sangareddy,802917,Sangareddy (M)
232,28,ANDHRA PRADESH,535,Medak,4493,Jinnaram,0,Jinnaram
233,28,ANDHRA PRADESH,535,Medak,4494,Patancheru,0,Patancheru
234,28,ANDHRA PRADESH,535,Medak,4494,Patancheru,802918,GHMC (M Corp. + OG) (Part)
235,28,ANDHRA PRADESH,535,Medak,4495,Ramachandrapuram,0,Ramachandrapuram
236,28,ANDHRA PRADESH,535,Medak,4495,Ramachandrapuram,802918,GHMC (M Corp. + OG) (Part)
237,28,ANDHRA PRADESH,535,Medak,4495,Ramachandrapuram,802918,GHMC (M Corp. + OG) (Part)
238,28,ANDHRA PRADESH,536,Hyderabad,0,Hyderabad,0,Hyderabad
239,28,ANDHRA PRADESH,536,Hyderabad,4496,Shaikpet,0,Shaikpet
240,28,ANDHRA PRADESH,536,Hyderabad,4496,Shaikpet,802918,GHMC (M Corp. + OG) (Part)
241,28,ANDHRA PRADESH,536,Hyderabad,4497,Ameerpet,0,Ameerpet
242,28,ANDHRA PRADESH,536,Hyderabad,4497,Ameerpet,802918,GHMC (M Corp. + OG) (Part)
243,28,ANDHRA PRADESH,536,Hyderabad,4498,Secunderabad,0,Secunderabad
244,28,ANDHRA PRADESH,536,Hyderabad,4498,Secunderabad,802918,GHMC (M Corp. + OG) (Part)
245,28,ANDHRA PRADESH,536,Hyderabad,4499,Tirumalagiri,0,Tirumalagiri
246,28,ANDHRA PRADESH,536,Hyderabad,4499,Tirumalagiri,802919,Secunderabad (CB)
247,28,ANDHRA PRADESH,536,Hyderabad,4500,Maredpalle,0,Maredpalle
248,28,ANDHRA PRADESH,536,Hyderabad,4500,Maredpalle,802918,GHMC (M Corp. + OG) (Part)
249,28,ANDHRA PRADESH,536,Hyderabad,4501,Musheerabad,0,Musheerabad
250,28,ANDHRA PRADESH,536,Hyderabad,4501,Musheerabad,802918,GHMC (M Corp. + OG) (Part)
251,28,ANDHRA PRADESH,536,Hyderabad,4502,Amberpet,0,Amberpet
252,28,ANDHRA PRADESH,536,Hyderabad,4502,Amberpet,802918,GHMC (M Corp. + OG) (Part)
253,28,ANDHRA PRADESH,536,Hyderabad,4503,Himayathnagar,0,Himayathnagar
254,28,ANDHRA PRADESH,536,Hyderabad,4503,Himayathnagar,802918,GHMC (M Corp. + OG) (Part)
255,28,ANDHRA PRADESH,536,Hyderabad,4504,Nampally,0,Nampally
256,28,ANDHRA PRADESH,536,Hyderabad,4504,Nampally,802918,GHMC (M Corp. + OG) (Part)
257,28,ANDHRA PRADESH,536,Hyderabad,4505,Khairatabad,0,Khairatabad
258,28,ANDHRA PRADESH,536,Hyderabad,4505,Khairatabad,802918,GHMC (M Corp. + OG) (Part)
259,28,ANDHRA PRADESH,536,Hyderabad,4506,Asifnagar,0,Asifnagar
260,28,ANDHRA PRADESH,536,Hyderabad,4506,Asifnagar,802918,GHMC (M Corp. + OG) (Part)
261,28,ANDHRA PRADESH,536,Hyderabad,4507,Golconda,0,Golconda
262,28,ANDHRA PRADESH,536,Hyderabad,4507,Golconda,802918,GHMC (M Corp. + OG) (Part)
263,28,ANDHRA PRADESH,536,Hyderabad,4508,Bahadurpura,0,Bahadurpura
264,28,ANDHRA PRADESH,536,Hyderabad,4508,Bahadurpura,802918,GHMC (M Corp. + OG) (Part)
265,28,ANDHRA PRADESH,536,Hyderabad,4509,Bandlaguda,0,Bandlaguda
266,28,ANDHRA PRADESH,536,Hyderabad,4509,Bandlaguda,802918,GHMC (M Corp. + OG) (Part)
267,28,ANDHRA PRADESH,536,Hyderabad,4510,Charminar,0,Charminar
268,28,ANDHRA PRADESH,536,Hyderabad,4510,Charminar,802918,GHMC (M Corp. + OG) (Part)
269,28,ANDHRA PRADESH,536,Hyderabad,4511,Saidabad,0,Saidabad
270,28,ANDHRA PRADESH,536,Hyderabad,4511,Saidabad,802918,GHMC (M Corp. + OG) (Part)
271,28,ANDHRA PRADESH,537,Rangareddy,0,Rangareddy,0,Rangareddy
272,28,ANDHRA PRADESH,537,Rangareddy,4512,Marpalle,0,Marpalle
273,28,ANDHRA PRADESH,537,Rangareddy,4513,Mominpet,0,Mominpet
274,28,ANDHRA PRADESH,537,Rangareddy,4514,Nawabpet,0,Nawabpet
275,28,ANDHRA PRADESH,537,Rangareddy,4515,Shankarpalle,0,Shankarpalle
276,28,ANDHRA PRADESH,537,Rangareddy,4516,Serilingampally,0,Serilingampally
277,28,ANDHRA PRADESH,537,Rangareddy,4516,Serilingampally,802918,GHMC (M Corp. + OG) (Part)
278,28,ANDHRA PRADESH,537,Rangareddy,4517,Balanagar,0,Balanagar
279,28,ANDHRA PRADESH,537,Rangareddy,4517,Balanagar,802918,GHMC (M Corp. + OG) (Part)
280,28,ANDHRA PRADESH,537,Rangareddy,4518,Qutubullapur,0,Qutubullapur
281,28,ANDHRA PRADESH,537,Rangareddy,4518,Qutubullapur,802918,GHMC (M Corp. + OG) (Part)
282,28,ANDHRA PRADESH,537,Rangareddy,4518,Qutubullapur,802918,GHMC (M Corp. + OG) (Part)
283,28,ANDHRA PRADESH,537,Rangareddy,4519,Medchal,0,Medchal
284,28,ANDHRA PRADESH,537,Rangareddy,4520,Shamirpet,0,Shamirpet
285,28,ANDHRA PRADESH,537,Rangareddy,4520,Shamirpet,802918,GHMC (M Corp. + OG) (Part)
286,28,ANDHRA PRADESH,537,Rangareddy,4521,Malkajgiri,0,Malkajgiri
287,28,ANDHRA PRADESH,537,Rangareddy,4521,Malkajgiri,802918,GHMC (M Corp. + OG) (Part)
288,28,ANDHRA PRADESH,537,Rangareddy,4521,Malkajgiri,802918,GHMC (M Corp. + OG) (Part)
289,28,ANDHRA PRADESH,537,Rangareddy,4522,Keesara,0,Keesara
290,28,ANDHRA PRADESH,537,Rangareddy,4522,Keesara,802918,GHMC (M Corp. + OG) (Part)
291,28,ANDHRA PRADESH,537,Rangareddy,4522,Keesara,802918,GHMC (M Corp. + OG) (Part)
292,28,ANDHRA PRADESH,537,Rangareddy,4523,Ghatkesar,0,Ghatkesar
293,28,ANDHRA PRADESH,537,Rangareddy,4523,Ghatkesar,802918,GHMC (M Corp. + OG) (Part)
294,28,ANDHRA PRADESH,537,Rangareddy,4523,Ghatkesar,802918,GHMC (M Corp. + OG) (Part)
295,28,ANDHRA PRADESH,537,Rangareddy,4524,Uppal,0,Uppal
296,28,ANDHRA PRADESH,537,Rangareddy,4524,Uppal,802918,GHMC (M Corp. + OG) (Part)
297,28,ANDHRA PRADESH,537,Rangareddy,4525,Hayathnagar,0,Hayathnagar
298,28,ANDHRA PRADESH,537,Rangareddy,4525,Hayathnagar,802918,GHMC (M Corp. + OG) (Part)
299,28,ANDHRA PRADESH,537,Rangareddy,4525,Hayathnagar,802918,GHMC (M Corp. + OG) (Part)
300,28,ANDHRA PRADESH,537,Rangareddy,4526,Saroornagar,0,Saroornagar
301,28,ANDHRA PRADESH,537,Rangareddy,4526,Saroornagar,802918,GHMC (M Corp. + OG) (Part)
302,28,ANDHRA PRADESH,537,Rangareddy,4526,Saroornagar,802918,GHMC (M Corp. + OG) (Part)
303,28,ANDHRA PRADESH,537,Rangareddy,4527,Rajendranagar,0,Rajendranagar
304,28,ANDHRA PRADESH,537,Rangareddy,4527,Rajendranagar,802918,GHMC (M Corp. + OG) (Part)
305,28,ANDHRA PRADESH,537,Rangareddy,4527,Rajendranagar,802918,GHMC (M Corp. + OG) (Part)
306,28,ANDHRA PRADESH,537,Rangareddy,4528,Moinabad,0,Moinabad
307,28,ANDHRA PRADESH,537,Rangareddy,4529,Chevella,0,Chevella
308,28,ANDHRA PRADESH,537,Rangareddy,4530,Vicarabad,0,Vicarabad
309,28,ANDHRA PRADESH,537,Rangareddy,4530,Vicarabad,802920,Vicarabad (M)
310,28,ANDHRA PRADESH,537,Rangareddy,4531,Dharur,0,Dharur
311,28,ANDHRA PRADESH,537,Rangareddy,4532,Bantwaram,0,Bantwaram
312,28,ANDHRA PRADESH,537,Rangareddy,4533,Peddemul,0,Peddemul
313,28,ANDHRA PRADESH,537,Rangareddy,4534,Tandur,0,Tandur
314,28,ANDHRA PRADESH,537,Rangareddy,4534,Tandur,802921,Tandur (M)
315,28,ANDHRA PRADESH,537,Rangareddy,4535,Basheerabad,0,Basheerabad
316,28,ANDHRA PRADESH,537,Rangareddy,4536,Yelal,0,Yelal
317,28,ANDHRA PRADESH,537,Rangareddy,4537,Doma,0,Doma
318,28,ANDHRA PRADESH,537,Rangareddy,4538,Gandeed,0,Gandeed
319,28,ANDHRA PRADESH,537,Rangareddy,4539,Kulkacharla,0,Kulkacharla
320,28,ANDHRA PRADESH,537,Rangareddy,4540,Pargi,0,Pargi
321,28,ANDHRA PRADESH,537,Rangareddy,4541,Pudur,0,Pudur
322,28,ANDHRA PRADESH,537,Rangareddy,4542,Shabad,0,Shabad
323,28,ANDHRA PRADESH,537,Rangareddy,4543,Shamshabad,0,Shamshabad
324,28,ANDHRA PRADESH,537,Rangareddy,4543,Shamshabad,802918,GHMC (M Corp. + OG) (Part)
325,28,ANDHRA PRADESH,537,Rangareddy,4544,Maheswaram,0,Maheswaram
326,28,ANDHRA PRADESH,537,Rangareddy,4545,Kandukur,0,Kandukur
327,28,ANDHRA PRADESH,537,Rangareddy,4546,Ibrahimpatnam,0,Ibrahimpatnam
328,28,ANDHRA PRADESH,537,Rangareddy,4547,Manchal,0,Manchal
329,28,ANDHRA PRADESH,537,Rangareddy,4548,Yacharam,0,Yacharam
330,28,ANDHRA PRADESH,538,Mahbubnagar,0,Mahbubnagar,0,Mahbubnagar
331,28,ANDHRA PRADESH,538,Mahbubnagar,4549,Kodangal,0,Kodangal
332,28,ANDHRA PRADESH,538,Mahbubnagar,4550,Bomraspet,0,Bomraspet
333,28,ANDHRA PRADESH,538,Mahbubnagar,4551,Kosgi,0,Kosgi
334,28,ANDHRA PRADESH,538,Mahbubnagar,4552,Doulathabad,0,Doulathabad
335,28,ANDHRA PRADESH,538,Mahbubnagar,4553,Damaragidda,0,Damaragidda
336,28,ANDHRA PRADESH,538,Mahbubnagar,4554,Maddur,0,Maddur
337,28,ANDHRA PRADESH,538,Mahbubnagar,4555,Hanwada,0,Hanwada
338,28,ANDHRA PRADESH,538,Mahbubnagar,4556,Nawabpet,0,Nawabpet
339,28,ANDHRA PRADESH,538,Mahbubnagar,4557,Balanagar,0,Balanagar
340,28,ANDHRA PRADESH,538,Mahbubnagar,4558,Kondurg,0,Kondurg
341,28,ANDHRA PRADESH,538,Mahbubnagar,4559,Farooqnagar,0,Farooqnagar
342,28,ANDHRA PRADESH,538,Mahbubnagar,4560,Kothur,0,Kothur
343,28,ANDHRA PRADESH,538,Mahbubnagar,4561,Keshampet,0,Keshampet
344,28,ANDHRA PRADESH,538,Mahbubnagar,4562,Talakondapalle,0,Talakondapalle
345,28,ANDHRA PRADESH,538,Mahbubnagar,4563,Amangal,0,Amangal
346,28,ANDHRA PRADESH,538,Mahbubnagar,4564,Madgul,0,Madgul
347,28,ANDHRA PRADESH,538,Mahbubnagar,4565,Veldanda,0,Veldanda
348,28,ANDHRA PRADESH,538,Mahbubnagar,4566,Midjil,0,Midjil
349,28,ANDHRA PRADESH,538,Mahbubnagar,4567,Jadcherla,0,Jadcherla
350,28,ANDHRA PRADESH,538,Mahbubnagar,4568,Mahbubnagar,0,Mahbubnagar
351,28,ANDHRA PRADESH,538,Mahbubnagar,4568,Mahbubnagar,802922,Mahbubnagar (M + OG)
352,28,ANDHRA PRADESH,538,Mahbubnagar,4568,Mahbubnagar,802922,Mahbubnagar (M)
353,28,ANDHRA PRADESH,538,Mahbubnagar,4569,Koilkonda,0,Koilkonda
354,28,ANDHRA PRADESH,538,Mahbubnagar,4570,Narayanpet,0,Narayanpet
355,28,ANDHRA PRADESH,538,Mahbubnagar,4570,Narayanpet,802923,Narayanpet (NP)
356,28,ANDHRA PRADESH,538,Mahbubnagar,4571,Utkoor,0,Utkoor
357,28,ANDHRA PRADESH,538,Mahbubnagar,4572,Dhanwada,0,Dhanwada
358,28,ANDHRA PRADESH,538,Mahbubnagar,4573,Devarkadra,0,Devarkadra
359,28,ANDHRA PRADESH,538,Mahbubnagar,4574,Bhoothpur,0,Bhoothpur
360,28,ANDHRA PRADESH,538,Mahbubnagar,4575,Thimmajipet,0,Thimmajipet
361,28,ANDHRA PRADESH,538,Mahbubnagar,4576,Kalwakurthy,0,Kalwakurthy
362,28,ANDHRA PRADESH,538,Mahbubnagar,4577,Vangoor,0,Vangoor
363,28,ANDHRA PRADESH,538,Mahbubnagar,4578,Amrabad,0,Amrabad
364,28,ANDHRA PRADESH,538,Mahbubnagar,4579,Achampet,0,Achampet
365,28,ANDHRA PRADESH,538,Mahbubnagar,4580,Uppununthala,0,Uppununthala
366,28,ANDHRA PRADESH,538,Mahbubnagar,4581,Telkapalle,0,Telkapalle
367,28,ANDHRA PRADESH,538,Mahbubnagar,4582,Tadoor,0,Tadoor
368,28,ANDHRA PRADESH,538,Mahbubnagar,4583,Nagarkurnool,0,Nagarkurnool
369,28,ANDHRA PRADESH,538,Mahbubnagar,4584,Bijinapalle,0,Bijinapalle
370,28,ANDHRA PRADESH,538,Mahbubnagar,4585,Ghanpur,0,Ghanpur
371,28,ANDHRA PRADESH,538,Mahbubnagar,4586,Addakal,0,Addakal
372,28,ANDHRA PRADESH,538,Mahbubnagar,4587,Chinnachintakunta,0,Chinnachintakunta
373,28,ANDHRA PRADESH,538,Mahbubnagar,4588,Narva,0,Narva
374,28,ANDHRA PRADESH,538,Mahbubnagar,4589,Makthal,0,Makthal
375,28,ANDHRA PRADESH,538,Mahbubnagar,4590,Maganoor,0,Maganoor
376,28,ANDHRA PRADESH,538,Mahbubnagar,4591,Dharur,0,Dharur
377,28,ANDHRA PRADESH,538,Mahbubnagar,4592,Atmakur,0,Atmakur
378,28,ANDHRA PRADESH,538,Mahbubnagar,4593,Kothakota,0,Kothakota
379,28,ANDHRA PRADESH,538,Mahbubnagar,4594,Peddamandadi,0,Peddamandadi
380,28,ANDHRA PRADESH,538,Mahbubnagar,4595,Wanaparthy,0,Wanaparthy
381,28,ANDHRA PRADESH,538,Mahbubnagar,4595,Wanaparthy,802924,Wanaparthy (M)
382,28,ANDHRA PRADESH,538,Mahbubnagar,4596,Gopalpeta,0,Gopalpeta
383,28,ANDHRA PRADESH,538,Mahbubnagar,4597,Balmoor,0,Balmoor
384,28,ANDHRA PRADESH,538,Mahbubnagar,4598,Lingal,0,Lingal
385,28,ANDHRA PRADESH,538,Mahbubnagar,4599,Peddakothapalle,0,Peddakothapalle
386,28,ANDHRA PRADESH,538,Mahbubnagar,4600,Kodair,0,Kodair
387,28,ANDHRA PRADESH,538,Mahbubnagar,4601,Pangal,0,Pangal
388,28,ANDHRA PRADESH,538,Mahbubnagar,4602,Pebbair,0,Pebbair
389,28,ANDHRA PRADESH,538,Mahbubnagar,4603,Gadwal,0,Gadwal
390,28,ANDHRA PRADESH,538,Mahbubnagar,4603,Gadwal,802925,Gadwal (M + OG)
391,28,ANDHRA PRADESH,538,Mahbubnagar,4603,Gadwal,802925,Gadwal (M)
392,28,ANDHRA PRADESH,538,Mahbubnagar,4604,Maldakal,0,Maldakal
393,28,ANDHRA PRADESH,538,Mahbubnagar,4605,Ghattu,0,Ghattu
394,28,ANDHRA PRADESH,538,Mahbubnagar,4606,Ieej,0,Ieej
395,28,ANDHRA PRADESH,538,Mahbubnagar,4607,Itikyal,0,Itikyal
396,28,ANDHRA PRADESH,538,Mahbubnagar,4608,Veepangandla,0,Veepangandla
397,28,ANDHRA PRADESH,538,Mahbubnagar,4609,Kollapur,0,Kollapur
398,28,ANDHRA PRADESH,538,Mahbubnagar,4610,Waddepalle,0,Waddepalle
399,28,ANDHRA PRADESH,538,Mahbubnagar,4611,Manopad,0,Manopad
400,28,ANDHRA PRADESH,538,Mahbubnagar,4612,Alampur,0,Alampur
401,28,ANDHRA PRADESH,539,Nalgonda,0,Nalgonda,0,Nalgonda
402,28,ANDHRA PRADESH,539,Nalgonda,4613,Bommalaramaram,0,Bommalaramaram
403,28,ANDHRA PRADESH,539,Nalgonda,4614,M.Turkapalle,0,M.Turkapalle
404,28,ANDHRA PRADESH,539,Nalgonda,4615,Rajapet,0,Rajapet
405,28,ANDHRA PRADESH,539,Nalgonda,4616,Yadagirigutta,0,Yadagirigutta
406,28,ANDHRA PRADESH,539,Nalgonda,4617,Alair,0,Alair
407,28,ANDHRA PRADESH,539,Nalgonda,4618,Gundala,0,Gundala
408,28,ANDHRA PRADESH,539,Nalgonda,4619,Thirumalgiri,0,Thirumalgiri
409,28,ANDHRA PRADESH,539,Nalgonda,4620,Thungathurthi,0,Thungathurthi
410,28,ANDHRA PRADESH,539,Nalgonda,4621,Nuthankal,0,Nuthankal
411,28,ANDHRA PRADESH,539,Nalgonda,4622,Atmakur (S),0,Atmakur (S)
412,28,ANDHRA PRADESH,539,Nalgonda,4623,Jaji Reddi Gudem,0,Jaji Reddi Gudem
413,28,ANDHRA PRADESH,539,Nalgonda,4624,Sali Gouraram,0,Sali Gouraram
414,28,ANDHRA PRADESH,539,Nalgonda,4625,Mothkur,0,Mothkur
415,28,ANDHRA PRADESH,539,Nalgonda,4626,Atmakur (M),0,Atmakur (M)
416,28,ANDHRA PRADESH,539,Nalgonda,4627,Valigonda,0,Valigonda
417,28,ANDHRA PRADESH,539,Nalgonda,4628,Bhongir,0,Bhongir
418,28,ANDHRA PRADESH,539,Nalgonda,4628,Bhongir,802926,Bhongir (M)
419,28,ANDHRA PRADESH,539,Nalgonda,4629,Bibinagar,0,Bibinagar
420,28,ANDHRA PRADESH,539,Nalgonda,4630,Pochampalle,0,Pochampalle
421,28,ANDHRA PRADESH,539,Nalgonda,4631,Choutuppal,0,Choutuppal
422,28,ANDHRA PRADESH,539,Nalgonda,4632,Ramannapeta,0,Ramannapeta
423,28,ANDHRA PRADESH,539,Nalgonda,4633,Chityala,0,Chityala
424,28,ANDHRA PRADESH,539,Nalgonda,4634,Narketpalle,0,Narketpalle
425,28,ANDHRA PRADESH,539,Nalgonda,4635,Kattangoor,0,Kattangoor
426,28,ANDHRA PRADESH,539,Nalgonda,4636,Nakrekal,0,Nakrekal
427,28,ANDHRA PRADESH,539,Nalgonda,4637,Kethe Palle,0,Kethe Palle
428,28,ANDHRA PRADESH,539,Nalgonda,4638,Suryapet,0,Suryapet
429,28,ANDHRA PRADESH,539,Nalgonda,4638,Suryapet,802927,Suryapet (M + OG)
430,28,ANDHRA PRADESH,539,Nalgonda,4638,Suryapet,802927,Suryapet (M)
431,28,ANDHRA PRADESH,539,Nalgonda,4639,Chivvemla,0,Chivvemla
432,28,ANDHRA PRADESH,539,Nalgonda,4640,Mothey,0,Mothey
433,28,ANDHRA PRADESH,539,Nalgonda,4641,Nadigudem,0,Nadigudem
434,28,ANDHRA PRADESH,539,Nalgonda,4642,Munagala,0,Munagala
435,28,ANDHRA PRADESH,539,Nalgonda,4643,Penpahad,0,Penpahad
436,28,ANDHRA PRADESH,539,Nalgonda,4644,Vemulapalle,0,Vemulapalle
437,28,ANDHRA PRADESH,539,Nalgonda,4645,Thipparthi,0,Thipparthi
438,28,ANDHRA PRADESH,539,Nalgonda,4646,Nalgonda,0,Nalgonda
439,28,ANDHRA PRADESH,539,Nalgonda,4646,Nalgonda,802928,Nalgonda (M + OG)
440,28,ANDHRA PRADESH,539,Nalgonda,4646,Nalgonda,802928,Nalgonda (M)
441,28,ANDHRA PRADESH,539,Nalgonda,4647,Munugode,0,Munugode
442,28,ANDHRA PRADESH,539,Nalgonda,4648,Narayanapur,0,Narayanapur
443,28,ANDHRA PRADESH,539,Nalgonda,4649,Marriguda,0,Marriguda
444,28,ANDHRA PRADESH,539,Nalgonda,4650,Chintha Palle,0,Chintha Palle
445,28,ANDHRA PRADESH,539,Nalgonda,4651,Gundla Palle,0,Gundla Palle
446,28,ANDHRA PRADESH,539,Nalgonda,4652,Chandam Pet,0,Chandam Pet
447,28,ANDHRA PRADESH,539,Nalgonda,4653,Devarakonda,0,Devarakonda
448,28,ANDHRA PRADESH,539,Nalgonda,4654,Nampalle,0,Nampalle
449,28,ANDHRA PRADESH,539,Nalgonda,4655,Chandur,0,Chandur
450,28,ANDHRA PRADESH,539,Nalgonda,4656,Kangal,0,Kangal
451,28,ANDHRA PRADESH,539,Nalgonda,4657,Gurrampode,0,Gurrampode
452,28,ANDHRA PRADESH,539,Nalgonda,4658,Pedda Adiserla Palle,0,Pedda Adiserla Palle
453,28,ANDHRA PRADESH,539,Nalgonda,4659,Peddavoora,0,Peddavoora
454,28,ANDHRA PRADESH,539,Nalgonda,4660,Anumula,0,Anumula
455,28,ANDHRA PRADESH,539,Nalgonda,4661,Nidamanur,0,Nidamanur
456,28,ANDHRA PRADESH,539,Nalgonda,4662,Thripuraram,0,Thripuraram
457,28,ANDHRA PRADESH,539,Nalgonda,4663,Dameracherla,0,Dameracherla
458,28,ANDHRA PRADESH,539,Nalgonda,4664,Miryalaguda,0,Miryalaguda
459,28,ANDHRA PRADESH,539,Nalgonda,4664,Miryalaguda,802929,Miryalaguda (M + OG)
460,28,ANDHRA PRADESH,539,Nalgonda,4664,Miryalaguda,802929,Miryalaguda (M)
461,28,ANDHRA PRADESH,539,Nalgonda,4665,Neredcherla,0,Neredcherla
462,28,ANDHRA PRADESH,539,Nalgonda,4666,Garide Palle,0,Garide Palle
463,28,ANDHRA PRADESH,539,Nalgonda,4667,Chilkur,0,Chilkur
464,28,ANDHRA PRADESH,539,Nalgonda,4668,Kodad,0,Kodad
465,28,ANDHRA PRADESH,539,Nalgonda,4669,Huzurnagar,0,Huzurnagar
466,28,ANDHRA PRADESH,539,Nalgonda,4670,Mattam Palle,0,Mattam Palle
467,28,ANDHRA PRADESH,539,Nalgonda,4671,Mella Cheruvu,0,Mella Cheruvu
468,28,ANDHRA PRADESH,540,Warangal,0,Warangal,0,Warangal
469,28,ANDHRA PRADESH,540,Warangal,0,Warangal,802930,Warangal (M Corp. + OG)
470,28,ANDHRA PRADESH,540,Warangal,4672,Cherial,0,Cherial
471,28,ANDHRA PRADESH,540,Warangal,4673,Maddur,0,Maddur
472,28,ANDHRA PRADESH,540,Warangal,4674,Bachannapet,0,Bachannapet
473,28,ANDHRA PRADESH,540,Warangal,4675,Narmetta,0,Narmetta
474,28,ANDHRA PRADESH,540,Warangal,4676,Ghanpur (Station),0,Ghanpur (Station)
475,28,ANDHRA PRADESH,540,Warangal,4677,Dharmasagar,0,Dharmasagar
476,28,ANDHRA PRADESH,540,Warangal,4677,Dharmasagar,802930,Warangal (M Corp. + OG) (Part)
477,28,ANDHRA PRADESH,540,Warangal,4678,Hasanparthy,0,Hasanparthy
478,28,ANDHRA PRADESH,540,Warangal,4678,Hasanparthy,802930,Warangal (M Corp. + OG) (Part)
479,28,ANDHRA PRADESH,540,Warangal,4679,Parkal,0,Parkal
480,28,ANDHRA PRADESH,540,Warangal,4680,Mogullapalle,0,Mogullapalle
481,28,ANDHRA PRADESH,540,Warangal,4681,Chityal,0,Chityal
482,28,ANDHRA PRADESH,540,Warangal,4682,Bhupalpalle,0,Bhupalpalle
483,28,ANDHRA PRADESH,540,Warangal,4683,Ghanpur (Mulug),0,Ghanpur (Mulug)
484,28,ANDHRA PRADESH,540,Warangal,4684,Venkatapur,0,Venkatapur
485,28,ANDHRA PRADESH,540,Warangal,4685,Eturnagaram,0,Eturnagaram
486,28,ANDHRA PRADESH,540,Warangal,4686,Mangapet,0,Mangapet
487,28,ANDHRA PRADESH,540,Warangal,4687,Tadvai,0,Tadvai
488,28,ANDHRA PRADESH,540,Warangal,4688,Govindaraopet,0,Govindaraopet
489,28,ANDHRA PRADESH,540,Warangal,4689,Mulug,0,Mulug
490,28,ANDHRA PRADESH,540,Warangal,4690,Regonda,0,Regonda
491,28,ANDHRA PRADESH,540,Warangal,4691,Shayampet,0,Shayampet
492,28,ANDHRA PRADESH,540,Warangal,4692,Nallabelly,0,Nallabelly
493,28,ANDHRA PRADESH,540,Warangal,4693,Duggondi,0,Duggondi
494,28,ANDHRA PRADESH,540,Warangal,4694,Atmakur,0,Atmakur
495,28,ANDHRA PRADESH,540,Warangal,4695,Hanamkonda,0,Hanamkonda
496,28,ANDHRA PRADESH,540,Warangal,4695,Hanamkonda,802930,Warangal (M Corp. + OG) (Part)
497,28,ANDHRA PRADESH,540,Warangal,4695,Hanamkonda,802930,Warangal (M Corp. + OG) (Part)
498,28,ANDHRA PRADESH,540,Warangal,4695,Hanamkonda,802930,Warangal (M Corp. + OG) (Part)
499,28,ANDHRA PRADESH,540,Warangal,4695,Hanamkonda,802930,Warangal (M Corp. + OG) (Part)
500,28,ANDHRA PRADESH,540,Warangal,4696,Zaffergadh,0,Zaffergadh
501,28,ANDHRA PRADESH,540,Warangal,4697,Palakurthi,0,Palakurthi
502,28,ANDHRA PRADESH,540,Warangal,4698,Raghunathpalle,0,Raghunathpalle
503,28,ANDHRA PRADESH,540,Warangal,4699,Jangaon,0,Jangaon
504,28,ANDHRA PRADESH,540,Warangal,4699,Jangaon,802931,Jangaon (M)
505,28,ANDHRA PRADESH,540,Warangal,4700,Lingalaghanpur,0,Lingalaghanpur
506,28,ANDHRA PRADESH,540,Warangal,4701,Devaruppula,0,Devaruppula
507,28,ANDHRA PRADESH,540,Warangal,4702,Kodakandla,0,Kodakandla
508,28,ANDHRA PRADESH,540,Warangal,4703,Raiparthy,0,Raiparthy
509,28,ANDHRA PRADESH,540,Warangal,4704,Wardhannapet,0,Wardhannapet
510,28,ANDHRA PRADESH,540,Warangal,4705,Sangam,0,Sangam
511,28,ANDHRA PRADESH,540,Warangal,4706,Warangal,0,Warangal
512,28,ANDHRA PRADESH,540,Warangal,4706,Warangal,802930,Warangal (M Corp. + OG) (Part)
513,28,ANDHRA PRADESH,540,Warangal,4706,Warangal,802930,Warangal (M Corp. + OG) (Part)
514,28,ANDHRA PRADESH,540,Warangal,4706,Warangal,802930,Warangal (M Corp. + OG) (Part)
515,28,ANDHRA PRADESH,540,Warangal,4707,Geesugonda,0,Geesugonda
516,28,ANDHRA PRADESH,540,Warangal,4707,Geesugonda,802930,Warangal (M Corp. + OG) (Part)
517,28,ANDHRA PRADESH,540,Warangal,4708,Narsampet,0,Narsampet
518,28,ANDHRA PRADESH,540,Warangal,4709,Khanapur,0,Khanapur
519,28,ANDHRA PRADESH,540,Warangal,4710,Kothagudem,0,Kothagudem
520,28,ANDHRA PRADESH,540,Warangal,4711,Gudur,0,Gudur
521,28,ANDHRA PRADESH,540,Warangal,4712,Chennaraopet,0,Chennaraopet
522,28,ANDHRA PRADESH,540,Warangal,4713,Nekkonda,0,Nekkonda
523,28,ANDHRA PRADESH,540,Warangal,4714,Parvathagiri,0,Parvathagiri
524,28,ANDHRA PRADESH,540,Warangal,4715,Thorrur,0,Thorrur
525,28,ANDHRA PRADESH,540,Warangal,4716,Nellikudur,0,Nellikudur
526,28,ANDHRA PRADESH,540,Warangal,4717,Kesamudram,0,Kesamudram
527,28,ANDHRA PRADESH,540,Warangal,4718,Mahabubabad,0,Mahabubabad
528,28,ANDHRA PRADESH,540,Warangal,4719,Narsimhulapet,0,Narsimhulapet
529,28,ANDHRA PRADESH,540,Warangal,4720,Maripeda,0,Maripeda
530,28,ANDHRA PRADESH,540,Warangal,4721,Kuravi,0,Kuravi
531,28,ANDHRA PRADESH,540,Warangal,4722,Dornakal,0,Dornakal
532,28,ANDHRA PRADESH,541,Khammam,0,Khammam,0,Khammam
533,28,ANDHRA PRADESH,541,Khammam,0,Khammam,802937,Khammam (M + OG)
534,28,ANDHRA PRADESH,541,Khammam,4723,Wazeed,0,Wazeed
535,28,ANDHRA PRADESH,541,Khammam,4724,Venkatapuram,0,Venkatapuram
536,28,ANDHRA PRADESH,541,Khammam,4725,Pinapaka,0,Pinapaka
537,28,ANDHRA PRADESH,541,Khammam,4726,Cherla,0,Cherla
538,28,ANDHRA PRADESH,541,Khammam,4727,Manuguru,0,Manuguru
539,28,ANDHRA PRADESH,541,Khammam,4727,Manuguru,802932,Manugur (M)
540,28,ANDHRA PRADESH,541,Khammam,4728,Aswapuram,0,Aswapuram
541,28,ANDHRA PRADESH,541,Khammam,4729,Dummugudem,0,Dummugudem
542,28,ANDHRA PRADESH,541,Khammam,4730,Bhadrachalam,0,Bhadrachalam
543,28,ANDHRA PRADESH,541,Khammam,4731,Kunavaram,0,Kunavaram
544,28,ANDHRA PRADESH,541,Khammam,4732,Chintur,0,Chintur
545,28,ANDHRA PRADESH,541,Khammam,4733,Vararamachandrapuram,0,Vararamachandrapuram
546,28,ANDHRA PRADESH,541,Khammam,4734,Velairpadu,0,Velairpadu
547,28,ANDHRA PRADESH,541,Khammam,4735,Kukunoor,0,Kukunoor
548,28,ANDHRA PRADESH,541,Khammam,4736,Burgampahad,0,Burgampahad
549,28,ANDHRA PRADESH,541,Khammam,4737,Palwancha,0,Palwancha
550,28,ANDHRA PRADESH,541,Khammam,4737,Palwancha,802933,Palwancha (M)
551,28,ANDHRA PRADESH,541,Khammam,4738,Kothagudem,0,Kothagudem
552,28,ANDHRA PRADESH,541,Khammam,4738,Kothagudem,802934,Kothagudem (M)
553,28,ANDHRA PRADESH,541,Khammam,4739,Tekulapalle,0,Tekulapalle
554,28,ANDHRA PRADESH,541,Khammam,4740,Yellandu,0,Yellandu
555,28,ANDHRA PRADESH,541,Khammam,4740,Yellandu,802935,Yellandu (M + OG)
556,28,ANDHRA PRADESH,541,Khammam,4740,Yellandu,802935,Yellandu (M)
557,28,ANDHRA PRADESH,541,Khammam,4741,Gundala,0,Gundala
558,28,ANDHRA PRADESH,541,Khammam,4742,Bayyaram,0,Bayyaram
559,28,ANDHRA PRADESH,541,Khammam,4743,Garla,0,Garla
560,28,ANDHRA PRADESH,541,Khammam,4744,Singareni,0,Singareni
561,28,ANDHRA PRADESH,541,Khammam,4745,Kamepalle,0,Kamepalle
562,28,ANDHRA PRADESH,541,Khammam,4746,Julurpad,0,Julurpad
563,28,ANDHRA PRADESH,541,Khammam,4747,Chandrugonda,0,Chandrugonda
564,28,ANDHRA PRADESH,541,Khammam,4748,Mulkalapalle,0,Mulkalapalle
565,28,ANDHRA PRADESH,541,Khammam,4749,Aswaraopeta,0,Aswaraopeta
566,28,ANDHRA PRADESH,541,Khammam,4750,Dammapeta,0,Dammapeta
567,28,ANDHRA PRADESH,541,Khammam,4751,Sathupalle,0,Sathupalle
568,28,ANDHRA PRADESH,541,Khammam,4751,Sathupalle,802936,Sathupalle (NP)
569,28,ANDHRA PRADESH,541,Khammam,4752,Penuballi,0,Penuballi
570,28,ANDHRA PRADESH,541,Khammam,4753,Enkuru,0,Enkuru
571,28,ANDHRA PRADESH,541,Khammam,4754,Thirumalayapalem,0,Thirumalayapalem
572,28,ANDHRA PRADESH,541,Khammam,4755,Kusumanchi,0,Kusumanchi
573,28,ANDHRA PRADESH,541,Khammam,4756,Khammam (Rural),0,Khammam (Rural)
574,28,ANDHRA PRADESH,541,Khammam,4756,Khammam (Rural),802937,Khammam (M + OG) (Part)
575,28,ANDHRA PRADESH,541,Khammam,4757,Khammam (Urban),0,Khammam (Urban)
576,28,ANDHRA PRADESH,541,Khammam,4757,Khammam (Urban),802937,Khammam (M + OG) (Part)
577,28,ANDHRA PRADESH,541,Khammam,4757,Khammam (Urban),802937,Khammam (M + OG) (Part)
578,28,ANDHRA PRADESH,541,Khammam,4758,Mudigonda,0,Mudigonda
579,28,ANDHRA PRADESH,541,Khammam,4759,Nelakondapalle,0,Nelakondapalle
580,28,ANDHRA PRADESH,541,Khammam,4760,Chinthakani,0,Chinthakani
581,28,ANDHRA PRADESH,541,Khammam,4761,Konijerla,0,Konijerla
582,28,ANDHRA PRADESH,541,Khammam,4762,Tallada,0,Tallada
583,28,ANDHRA PRADESH,541,Khammam,4763,Kallur,0,Kallur
584,28,ANDHRA PRADESH,541,Khammam,4764,Wyra,0,Wyra
585,28,ANDHRA PRADESH,541,Khammam,4765,Bonakal,0,Bonakal
586,28,ANDHRA PRADESH,541,Khammam,4766,Madhira,0,Madhira
587,28,ANDHRA PRADESH,541,Khammam,4767,Yerrupalem,0,Yerrupalem
588,28,ANDHRA PRADESH,541,Khammam,4768,Vemsoor,0,Vemsoor
589,28,ANDHRA PRADESH,542,Srikakulam,0,Srikakulam,0,Srikakulam
590,28,ANDHRA PRADESH,542,Srikakulam,0,Srikakulam,802942,Srikakulam (M + OG)
591,28,ANDHRA PRADESH,542,Srikakulam,4769,Veeraghattam,0,Veeraghattam
592,28,ANDHRA PRADESH,542,Srikakulam,4770,Seethampeta,0,Seethampeta
593,28,ANDHRA PRADESH,542,Srikakulam,4771,Bhamini,0,Bhamini
594,28,ANDHRA PRADESH,542,Srikakulam,4772,Kothuru,0,Kothuru
595,28,ANDHRA PRADESH,542,Srikakulam,4773,Pathapatnam,0,Pathapatnam
596,28,ANDHRA PRADESH,542,Srikakulam,4774,Meliaputti,0,Meliaputti
597,28,ANDHRA PRADESH,542,Srikakulam,4775,Palasa,0,Palasa
598,28,ANDHRA PRADESH,542,Srikakulam,4775,Palasa,802938,Palasa Kasibugga (M)
599,28,ANDHRA PRADESH,542,Srikakulam,4776,Mandasa,0,Mandasa
600,28,ANDHRA PRADESH,542,Srikakulam,4777,Kanchili,0,Kanchili
601,28,ANDHRA PRADESH,542,Srikakulam,4778,Ichchapuram,0,Ichchapuram
602,28,ANDHRA PRADESH,542,Srikakulam,4778,Ichchapuram,802939,Ichchapuram (M)
603,28,ANDHRA PRADESH,542,Srikakulam,4779,Kaviti,0,Kaviti
604,28,ANDHRA PRADESH,542,Srikakulam,4780,Sompeta,0,Sompeta
605,28,ANDHRA PRADESH,542,Srikakulam,4781,Vajrapukothuru,0,Vajrapukothuru
606,28,ANDHRA PRADESH,542,Srikakulam,4782,Nandigam,0,Nandigam
607,28,ANDHRA PRADESH,542,Srikakulam,4783,Hiramandalam,0,Hiramandalam
608,28,ANDHRA PRADESH,542,Srikakulam,4784,Palakonda,0,Palakonda
609,28,ANDHRA PRADESH,542,Srikakulam,4785,Vangara,0,Vangara
610,28,ANDHRA PRADESH,542,Srikakulam,4786,Regidi Amadalavalasa,0,Regidi Amadalavalasa
611,28,ANDHRA PRADESH,542,Srikakulam,4787,Lakshminarsupeta,0,Lakshminarsupeta
612,28,ANDHRA PRADESH,542,Srikakulam,4788,Saravakota,0,Saravakota
613,28,ANDHRA PRADESH,542,Srikakulam,4789,Tekkali,0,Tekkali
614,28,ANDHRA PRADESH,542,Srikakulam,4790,Santhabommali,0,Santhabommali
615,28,ANDHRA PRADESH,542,Srikakulam,4791,Kotabommali,0,Kotabommali
616,28,ANDHRA PRADESH,542,Srikakulam,4792,Jalumuru,0,Jalumuru
617,28,ANDHRA PRADESH,542,Srikakulam,4793,Sarubujjili,0,Sarubujjili
618,28,ANDHRA PRADESH,542,Srikakulam,4794,Burja,0,Burja
619,28,ANDHRA PRADESH,542,Srikakulam,4795,Santhakaviti,0,Santhakaviti
620,28,ANDHRA PRADESH,542,Srikakulam,4796,Rajam,0,Rajam
621,28,ANDHRA PRADESH,542,Srikakulam,4796,Rajam,802940,Rajam (NP)
622,28,ANDHRA PRADESH,542,Srikakulam,4797,Ganguvarisigadam,0,Ganguvarisigadam
623,28,ANDHRA PRADESH,542,Srikakulam,4798,Amadalavalasa,0,Amadalavalasa
624,28,ANDHRA PRADESH,542,Srikakulam,4798,Amadalavalasa,802941,Amadalavalasa (M)
625,28,ANDHRA PRADESH,542,Srikakulam,4799,Narasannapeta,0,Narasannapeta
626,28,ANDHRA PRADESH,542,Srikakulam,4800,Polaki,0,Polaki
627,28,ANDHRA PRADESH,542,Srikakulam,4801,Gara,0,Gara
628,28,ANDHRA PRADESH,542,Srikakulam,4802,Srikakulam,0,Srikakulam
629,28,ANDHRA PRADESH,542,Srikakulam,4802,Srikakulam,802942,Srikakulam (M + OG) (Part)
630,28,ANDHRA PRADESH,542,Srikakulam,4802,Srikakulam,802942,Srikakulam (M + OG) (Part)
631,28,ANDHRA PRADESH,542,Srikakulam,4803,Ponduru,0,Ponduru
632,28,ANDHRA PRADESH,542,Srikakulam,4804,Laveru,0,Laveru
633,28,ANDHRA PRADESH,542,Srikakulam,4805,Ranastalam,0,Ranastalam
634,28,ANDHRA PRADESH,542,Srikakulam,4806,Etcherla,0,Etcherla
635,28,ANDHRA PRADESH,542,Srikakulam,4806,Etcherla,802942,Srikakulam (M + OG) (Part)
636,28,ANDHRA PRADESH,543,Vizianagaram,0,Vizianagaram,0,Vizianagaram
637,28,ANDHRA PRADESH,543,Vizianagaram,4807,Komarada,0,Komarada
638,28,ANDHRA PRADESH,543,Vizianagaram,4808,Gummalakshmipuram,0,Gummalakshmipuram
639,28,ANDHRA PRADESH,543,Vizianagaram,4809,Kurupam,0,Kurupam
640,28,ANDHRA PRADESH,543,Vizianagaram,4810,Jiyyammavalasa,0,Jiyyammavalasa
641,28,ANDHRA PRADESH,543,Vizianagaram,4811,Garugubilli,0,Garugubilli
642,28,ANDHRA PRADESH,543,Vizianagaram,4812,Parvathipuram,0,Parvathipuram
643,28,ANDHRA PRADESH,543,Vizianagaram,4812,Parvathipuram,802943,Parvathipuram (M)
644,28,ANDHRA PRADESH,543,Vizianagaram,4813,Makkuva,0,Makkuva
645,28,ANDHRA PRADESH,543,Vizianagaram,4814,Seethanagaram,0,Seethanagaram
646,28,ANDHRA PRADESH,543,Vizianagaram,4815,Balijipeta,0,Balijipeta
647,28,ANDHRA PRADESH,543,Vizianagaram,4816,Bobbili,0,Bobbili
648,28,ANDHRA PRADESH,543,Vizianagaram,4816,Bobbili,802944,Bobbili (M)
649,28,ANDHRA PRADESH,543,Vizianagaram,4817,Salur,0,Salur
650,28,ANDHRA PRADESH,543,Vizianagaram,4817,Salur,802945,Salur (M)
651,28,ANDHRA PRADESH,543,Vizianagaram,4818,Pachipenta,0,Pachipenta
652,28,ANDHRA PRADESH,543,Vizianagaram,4819,Ramabhadrapuram,0,Ramabhadrapuram
653,28,ANDHRA PRADESH,543,Vizianagaram,4820,Badangi,0,Badangi
654,28,ANDHRA PRADESH,543,Vizianagaram,4821,Therlam,0,Therlam
655,28,ANDHRA PRADESH,543,Vizianagaram,4822,Merakamudidam,0,Merakamudidam
656,28,ANDHRA PRADESH,543,Vizianagaram,4823,Dattirajeru,0,Dattirajeru
657,28,ANDHRA PRADESH,543,Vizianagaram,4824,Mentada,0,Mentada
658,28,ANDHRA PRADESH,543,Vizianagaram,4825,Gajapathinagaram,0,Gajapathinagaram
659,28,ANDHRA PRADESH,543,Vizianagaram,4826,Garividi,0,Garividi
660,28,ANDHRA PRADESH,543,Vizianagaram,4827,Cheepurupalle,0,Cheepurupalle
661,28,ANDHRA PRADESH,543,Vizianagaram,4828,Gurla,0,Gurla
662,28,ANDHRA PRADESH,543,Vizianagaram,4829,Bondapalle,0,Bondapalle
663,28,ANDHRA PRADESH,543,Vizianagaram,4830,Gantyada,0,Gantyada
664,28,ANDHRA PRADESH,543,Vizianagaram,4831,Srungavarapukota,0,Srungavarapukota
665,28,ANDHRA PRADESH,543,Vizianagaram,4832,Vepada,0,Vepada
666,28,ANDHRA PRADESH,543,Vizianagaram,4833,Lakkavarapukota,0,Lakkavarapukota
667,28,ANDHRA PRADESH,543,Vizianagaram,4834,Kothavalasa,0,Kothavalasa
668,28,ANDHRA PRADESH,543,Vizianagaram,4835,Jami,0,Jami
669,28,ANDHRA PRADESH,543,Vizianagaram,4836,Vizianagaram,0,Vizianagaram
670,28,ANDHRA PRADESH,543,Vizianagaram,4836,Vizianagaram,802946,Vizianagaram (M + OG)
671,28,ANDHRA PRADESH,543,Vizianagaram,4836,Vizianagaram,802946,Vizianagaram (M)
672,28,ANDHRA PRADESH,543,Vizianagaram,4837,Nellimarla,0,Nellimarla
673,28,ANDHRA PRADESH,543,Vizianagaram,4838,Pusapatirega,0,Pusapatirega
674,28,ANDHRA PRADESH,543,Vizianagaram,4839,Denkada,0,Denkada
675,28,ANDHRA PRADESH,543,Vizianagaram,4840,Bhogapuram,0,Bhogapuram
676,28,ANDHRA PRADESH,544,Visakhapatnam,0,Visakhapatnam,0,Visakhapatnam
677,28,ANDHRA PRADESH,544,Visakhapatnam,4841,Munchingi Puttu,0,Munchingi Puttu
678,28,ANDHRA PRADESH,544,Visakhapatnam,4842,Peda Bayalu,0,Peda Bayalu
679,28,ANDHRA PRADESH,544,Visakhapatnam,4843,Dumbriguda,0,Dumbriguda
680,28,ANDHRA PRADESH,544,Visakhapatnam,4844,Araku Valley,0,Araku Valley
681,28,ANDHRA PRADESH,544,Visakhapatnam,4845,Ananthagiri,0,Ananthagiri
682,28,ANDHRA PRADESH,544,Visakhapatnam,4846,Hukumpeta,0,Hukumpeta
683,28,ANDHRA PRADESH,544,Visakhapatnam,4847,Paderu,0,Paderu
684,28,ANDHRA PRADESH,544,Visakhapatnam,4848,G.Madugula,0,G.Madugula
685,28,ANDHRA PRADESH,544,Visakhapatnam,4849,Chintapalle,0,Chintapalle
686,28,ANDHRA PRADESH,544,Visakhapatnam,4850,Gudem Kotha Veedhi,0,Gudem Kotha Veedhi
687,28,ANDHRA PRADESH,544,Visakhapatnam,4851,Koyyuru,0,Koyyuru
688,28,ANDHRA PRADESH,544,Visakhapatnam,4852,Nathavaram,0,Nathavaram
689,28,ANDHRA PRADESH,544,Visakhapatnam,4853,Golugonda,0,Golugonda
690,28,ANDHRA PRADESH,544,Visakhapatnam,4854,Narsipatnam,0,Narsipatnam
691,28,ANDHRA PRADESH,544,Visakhapatnam,4855,Rolugunta,0,Rolugunta
692,28,ANDHRA PRADESH,544,Visakhapatnam,4856,Ravikamatham,0,Ravikamatham
693,28,ANDHRA PRADESH,544,Visakhapatnam,4857,Madugula,0,Madugula
694,28,ANDHRA PRADESH,544,Visakhapatnam,4858,Cheedikada,0,Cheedikada
695,28,ANDHRA PRADESH,544,Visakhapatnam,4859,Devarapalle,0,Devarapalle
696,28,ANDHRA PRADESH,544,Visakhapatnam,4860,K.Kotapadu,0,K.Kotapadu
697,28,ANDHRA PRADESH,544,Visakhapatnam,4861,Sabbavaram,0,Sabbavaram
698,28,ANDHRA PRADESH,544,Visakhapatnam,0,Visakhapatnam,802947,GVMC
699,28,ANDHRA PRADESH,544,Visakhapatnam,4861,Sabbavaram,802947,GVMC (Part)
700,28,ANDHRA PRADESH,544,Visakhapatnam,4862,Pendurthi,0,Pendurthi
701,28,ANDHRA PRADESH,544,Visakhapatnam,4862,Pendurthi,802947,GVMC (Part)
702,28,ANDHRA PRADESH,544,Visakhapatnam,4863,Anandapuram,0,Anandapuram
703,28,ANDHRA PRADESH,544,Visakhapatnam,4864,Padmanabham,0,Padmanabham
704,28,ANDHRA PRADESH,544,Visakhapatnam,4865,Bheemunipatnam,0,Bheemunipatnam
705,28,ANDHRA PRADESH,544,Visakhapatnam,4865,Bheemunipatnam,802948,Bheemunipatnam (M + OG)
706,28,ANDHRA PRADESH,544,Visakhapatnam,4865,Bheemunipatnam,802948,Bheemunipatnam (M)
707,28,ANDHRA PRADESH,544,Visakhapatnam,4866,Visakhapatnam (Rural),0,Visakhapatnam (Rural)
708,28,ANDHRA PRADESH,544,Visakhapatnam,4866,Visakhapatnam (Rural),802947,GVMC (Part)
709,28,ANDHRA PRADESH,544,Visakhapatnam,4867,Visakhapatnam (Urban),0,Visakhapatnam (Urban)
710,28,ANDHRA PRADESH,544,Visakhapatnam,4867,Visakhapatnam (Urban),802947,GVMC (Part)
711,28,ANDHRA PRADESH,544,Visakhapatnam,4868,Pedagantyada,0,Pedagantyada
712,28,ANDHRA PRADESH,544,Visakhapatnam,4868,Pedagantyada,802947,GVMC (Part)
713,28,ANDHRA PRADESH,544,Visakhapatnam,4869,Gajuwaka,0,Gajuwaka
714,28,ANDHRA PRADESH,544,Visakhapatnam,4869,Gajuwaka,802947,GVMC (Part)
715,28,ANDHRA PRADESH,544,Visakhapatnam,4870,Paravada,0,Paravada
716,28,ANDHRA PRADESH,544,Visakhapatnam,4870,Paravada,802947,GVMC (Part)
717,28,ANDHRA PRADESH,544,Visakhapatnam,4871,Anakapalle,0,Anakapalle
718,28,ANDHRA PRADESH,544,Visakhapatnam,4871,Anakapalle,802949,Anakapalle (M)
719,28,ANDHRA PRADESH,544,Visakhapatnam,4872,Chodavaram,0,Chodavaram
720,28,ANDHRA PRADESH,544,Visakhapatnam,4873,Butchayyapeta,0,Butchayyapeta
721,28,ANDHRA PRADESH,544,Visakhapatnam,4874,Kotauratla,0,Kotauratla
722,28,ANDHRA PRADESH,544,Visakhapatnam,4875,Makavarapalem,0,Makavarapalem
723,28,ANDHRA PRADESH,544,Visakhapatnam,4876,Kasimkota,0,Kasimkota
724,28,ANDHRA PRADESH,544,Visakhapatnam,4877,Munagapaka,0,Munagapaka
725,28,ANDHRA PRADESH,544,Visakhapatnam,4878,Atchutapuram,0,Atchutapuram
726,28,ANDHRA PRADESH,544,Visakhapatnam,4879,Yelamanchili,0,Yelamanchili
727,28,ANDHRA PRADESH,544,Visakhapatnam,4880,Nakkapalle,0,Nakkapalle
728,28,ANDHRA PRADESH,544,Visakhapatnam,4881,Payakaraopeta,0,Payakaraopeta
729,28,ANDHRA PRADESH,544,Visakhapatnam,4882,S.Rayavaram,0,S.Rayavaram
730,28,ANDHRA PRADESH,544,Visakhapatnam,4883,Rambilli,0,Rambilli
731,28,ANDHRA PRADESH,545,East Godavari,0,East Godavari,0,East Godavari
732,28,ANDHRA PRADESH,545,East Godavari,4884,Maredumilli,0,Maredumilli
733,28,ANDHRA PRADESH,545,East Godavari,4885,Devipatnam,0,Devipatnam
734,28,ANDHRA PRADESH,545,East Godavari,4886,Y. Ramavaram,0,Y. Ramavaram
735,28,ANDHRA PRADESH,545,East Godavari,4887,Addateegala,0,Addateegala
736,28,ANDHRA PRADESH,545,East Godavari,4888,Rajavommangi,0,Rajavommangi
737,28,ANDHRA PRADESH,545,East Godavari,4889,Kotananduru,0,Kotananduru
738,28,ANDHRA PRADESH,545,East Godavari,4890,Tuni,0,Tuni
739,28,ANDHRA PRADESH,545,East Godavari,4890,Tuni,802950,Tuni (M)
740,28,ANDHRA PRADESH,545,East Godavari,4891,Rowthulapudi,0,Rowthulapudi
741,28,ANDHRA PRADESH,545,East Godavari,4892,Sankhavaram,0,Sankhavaram
742,28,ANDHRA PRADESH,545,East Godavari,4893,Yeleswaram,0,Yeleswaram
743,28,ANDHRA PRADESH,545,East Godavari,4894,Gangavaram,0,Gangavaram
744,28,ANDHRA PRADESH,545,East Godavari,4895,Rampachodavaram,0,Rampachodavaram
745,28,ANDHRA PRADESH,545,East Godavari,4896,Seethanagaram,0,Seethanagaram
746,28,ANDHRA PRADESH,545,East Godavari,4897,Gokavaram,0,Gokavaram
747,28,ANDHRA PRADESH,545,East Godavari,4898,Jaggampeta,0,Jaggampeta
748,28,ANDHRA PRADESH,545,East Godavari,4899,Kirlampudi,0,Kirlampudi
749,28,ANDHRA PRADESH,545,East Godavari,4900,Prathipadu,0,Prathipadu
750,28,ANDHRA PRADESH,545,East Godavari,4901,Thondangi,0,Thondangi
751,28,ANDHRA PRADESH,545,East Godavari,4902,Gollaprolu,0,Gollaprolu
752,28,ANDHRA PRADESH,545,East Godavari,4903,Peddapuram,0,Peddapuram
753,28,ANDHRA PRADESH,545,East Godavari,4903,Peddapuram,802951,Peddapuram (M)
754,28,ANDHRA PRADESH,545,East Godavari,4904,Gandepalle,0,Gandepalle
755,28,ANDHRA PRADESH,545,East Godavari,4905,Korukonda,0,Korukonda
756,28,ANDHRA PRADESH,545,East Godavari,4906,Rajahmundry (Urban),0,Rajahmundry (Urban)
757,28,ANDHRA PRADESH,545,East Godavari,0,East Godavari,802952,Rajahmundry (M Corp. + OG)
758,28,ANDHRA PRADESH,545,East Godavari,4906,Rajahmundry (Urban),802952,Rajahmundry (M Corp. + OG) (Part)
759,28,ANDHRA PRADESH,545,East Godavari,4906,Rajahmundry (Urban),802952,Rajahmundry (M Corp. + OG) (Part)
760,28,ANDHRA PRADESH,545,East Godavari,4907,Rajahmundry Rural,0,Rajahmundry Rural
761,28,ANDHRA PRADESH,545,East Godavari,4907,Rajahmundry Rural,802952,Rajahmundry (M Corp. + OG) (Part)
762,28,ANDHRA PRADESH,545,East Godavari,4908,Rajanagaram,0,Rajanagaram
763,28,ANDHRA PRADESH,545,East Godavari,4909,Rangampeta,0,Rangampeta
764,28,ANDHRA PRADESH,545,East Godavari,4910,Samalkota,0,Samalkota
765,28,ANDHRA PRADESH,545,East Godavari,4910,Samalkota,802953,Samalkot (M)
766,28,ANDHRA PRADESH,545,East Godavari,4911,Pithapuram,0,Pithapuram
767,28,ANDHRA PRADESH,545,East Godavari,4911,Pithapuram,802954,Pithapuram (M + OG)
768,28,ANDHRA PRADESH,545,East Godavari,4911,Pithapuram,802954,Pithapuram (M)
769,28,ANDHRA PRADESH,545,East Godavari,4912,Kothapalle,0,Kothapalle
770,28,ANDHRA PRADESH,545,East Godavari,4913,Kakinada (Rural),0,Kakinada (Rural)
771,28,ANDHRA PRADESH,545,East Godavari,0,East Godavari,802955,Kakinada (M Corp. + OG)
772,28,ANDHRA PRADESH,545,East Godavari,4913,Kakinada (Rural),802955,Kakinada (M Corp. + OG) (Part)
773,28,ANDHRA PRADESH,545,East Godavari,4914,Kakinada (Urban),0,Kakinada (Urban)
774,28,ANDHRA PRADESH,545,East Godavari,4914,Kakinada (Urban),802955,Kakinada (M Corp. + OG) (Part)
775,28,ANDHRA PRADESH,545,East Godavari,4914,Kakinada (Urban),802955,Kakinada (M Corp. + OG) (Part)
776,28,ANDHRA PRADESH,545,East Godavari,4915,Pedapudi,0,Pedapudi
777,28,ANDHRA PRADESH,545,East Godavari,4916,Biccavolu,0,Biccavolu
778,28,ANDHRA PRADESH,545,East Godavari,4917,Anaparthy,0,Anaparthy
779,28,ANDHRA PRADESH,545,East Godavari,4918,Kadiam,0,Kadiam
780,28,ANDHRA PRADESH,545,East Godavari,4919,Atreyapuram,0,Atreyapuram
781,28,ANDHRA PRADESH,545,East Godavari,4920,Mandapeta,0,Mandapeta
782,28,ANDHRA PRADESH,545,East Godavari,4920,Mandapeta,802956,Mandapeta (M + OG)
783,28,ANDHRA PRADESH,545,East Godavari,4920,Mandapeta,802956,Mandapeta (M)
784,28,ANDHRA PRADESH,545,East Godavari,4921,Rayavaram,0,Rayavaram
785,28,ANDHRA PRADESH,545,East Godavari,4922,Karapa,0,Karapa
786,28,ANDHRA PRADESH,545,East Godavari,4923,Kajuluru,0,Kajuluru
787,28,ANDHRA PRADESH,545,East Godavari,4924,Ramachandrapuram,0,Ramachandrapuram
788,28,ANDHRA PRADESH,545,East Godavari,4924,Ramachandrapuram,802957,Ramachandrapuram (M)
789,28,ANDHRA PRADESH,545,East Godavari,4925,Alamuru,0,Alamuru
790,28,ANDHRA PRADESH,545,East Godavari,4926,Ravulapalem,0,Ravulapalem
791,28,ANDHRA PRADESH,545,East Godavari,4927,Kothapeta,0,Kothapeta
792,28,ANDHRA PRADESH,545,East Godavari,4928,Kapileswarapuram,0,Kapileswarapuram
793,28,ANDHRA PRADESH,545,East Godavari,4929,Pamarru,0,Pamarru
794,28,ANDHRA PRADESH,545,East Godavari,4930,Thallarevu,0,Thallarevu
795,28,ANDHRA PRADESH,545,East Godavari,4931,I. Polavaram,0,I. Polavaram
796,28,ANDHRA PRADESH,545,East Godavari,4932,Mummidivaram,0,Mummidivaram
797,28,ANDHRA PRADESH,545,East Godavari,4933,Ainavilli,0,Ainavilli
798,28,ANDHRA PRADESH,545,East Godavari,4934,P.Gannavaram,0,P.Gannavaram
799,28,ANDHRA PRADESH,545,East Godavari,4935,Ambajipeta,0,Ambajipeta
800,28,ANDHRA PRADESH,545,East Godavari,4936,Mamidikuduru,0,Mamidikuduru
801,28,ANDHRA PRADESH,545,East Godavari,4937,Razole,0,Razole
802,28,ANDHRA PRADESH,545,East Godavari,4938,Malikipuram,0,Malikipuram
803,28,ANDHRA PRADESH,545,East Godavari,4939,Sakhinetipalle,0,Sakhinetipalle
804,28,ANDHRA PRADESH,545,East Godavari,4940,Allavaram,0,Allavaram
805,28,ANDHRA PRADESH,545,East Godavari,4941,Amalapuram,0,Amalapuram
806,28,ANDHRA PRADESH,545,East Godavari,4941,Amalapuram,802958,Amalapuram (M)
807,28,ANDHRA PRADESH,545,East Godavari,4942,Uppalaguptam,0,Uppalaguptam
808,28,ANDHRA PRADESH,545,East Godavari,4943,Katrenikona,0,Katrenikona
809,28,ANDHRA PRADESH,546,West Godavari,0,West Godavari,0,West Godavari
810,28,ANDHRA PRADESH,546,West Godavari,4944,Chintalapudi,0,Chintalapudi
811,28,ANDHRA PRADESH,546,West Godavari,4945,Lingapalem,0,Lingapalem
812,28,ANDHRA PRADESH,546,West Godavari,4946,T.Narasapuram,0,T.Narasapuram
813,28,ANDHRA PRADESH,546,West Godavari,4947,Jeelugu Milli,0,Jeelugu Milli
814,28,ANDHRA PRADESH,546,West Godavari,4948,Buttayagudem,0,Buttayagudem
815,28,ANDHRA PRADESH,546,West Godavari,4949,Polavaram,0,Polavaram
816,28,ANDHRA PRADESH,546,West Godavari,4950,Tallapudi,0,Tallapudi
817,28,ANDHRA PRADESH,546,West Godavari,4951,Gopalapuram,0,Gopalapuram
818,28,ANDHRA PRADESH,546,West Godavari,4952,Koyyalagudem,0,Koyyalagudem
819,28,ANDHRA PRADESH,546,West Godavari,4953,Jangareddigudem,0,Jangareddigudem
820,28,ANDHRA PRADESH,546,West Godavari,4954,Kamavarapukota,0,Kamavarapukota
821,28,ANDHRA PRADESH,546,West Godavari,4955,Dwarakatirumala,0,Dwarakatirumala
822,28,ANDHRA PRADESH,546,West Godavari,4956,Nallajerla,0,Nallajerla
823,28,ANDHRA PRADESH,546,West Godavari,4957,Devarapalle,0,Devarapalle
824,28,ANDHRA PRADESH,546,West Godavari,4958,Kovvur,0,Kovvur
825,28,ANDHRA PRADESH,546,West Godavari,4958,Kovvur,802959,Kovvur (M)
826,28,ANDHRA PRADESH,546,West Godavari,4959,Chagallu,0,Chagallu
827,28,ANDHRA PRADESH,546,West Godavari,4960,Nidadavole,0,Nidadavole
828,28,ANDHRA PRADESH,546,West Godavari,4960,Nidadavole,802960,Nidadavole (M)
829,28,ANDHRA PRADESH,546,West Godavari,4961,Tadepalligudem,0,Tadepalligudem
830,28,ANDHRA PRADESH,546,West Godavari,4961,Tadepalligudem,802961,Tadepalligudem (M + OG)
831,28,ANDHRA PRADESH,546,West Godavari,4961,Tadepalligudem,802961,Tadepalligudem (M)
832,28,ANDHRA PRADESH,546,West Godavari,4962,Unguturu,0,Unguturu
833,28,ANDHRA PRADESH,546,West Godavari,4963,Bhimadole,0,Bhimadole
834,28,ANDHRA PRADESH,546,West Godavari,4964,Pedavegi,0,Pedavegi
835,28,ANDHRA PRADESH,546,West Godavari,4965,Pedapadu,0,Pedapadu
836,28,ANDHRA PRADESH,546,West Godavari,4966,Eluru,0,Eluru
837,28,ANDHRA PRADESH,546,West Godavari,4966,Eluru,802962,Eluru (M Corp. + OG)
838,28,ANDHRA PRADESH,546,West Godavari,4966,Eluru,802962,Eluru (M Corp.)
839,28,ANDHRA PRADESH,546,West Godavari,4967,Denduluru,0,Denduluru
840,28,ANDHRA PRADESH,546,West Godavari,4968,Nidamarru,0,Nidamarru
841,28,ANDHRA PRADESH,546,West Godavari,4969,Pentapadu,0,Pentapadu
842,28,ANDHRA PRADESH,546,West Godavari,4970,Undrajavaram,0,Undrajavaram
843,28,ANDHRA PRADESH,546,West Godavari,4971,Peravali,0,Peravali
844,28,ANDHRA PRADESH,546,West Godavari,4972,Tanuku,0,Tanuku
845,28,ANDHRA PRADESH,546,West Godavari,4972,Tanuku,802963,Tanuku (M + OG)
846,28,ANDHRA PRADESH,546,West Godavari,4972,Tanuku,802963,Tanuku (M)
847,28,ANDHRA PRADESH,546,West Godavari,4973,Attili,0,Attili
848,28,ANDHRA PRADESH,546,West Godavari,4974,Ganapavaram,0,Ganapavaram
849,28,ANDHRA PRADESH,546,West Godavari,4975,Akividu,0,Akividu
850,28,ANDHRA PRADESH,546,West Godavari,4976,Undi,0,Undi
851,28,ANDHRA PRADESH,546,West Godavari,4977,Palacoderu,0,Palacoderu
852,28,ANDHRA PRADESH,546,West Godavari,4978,Penumantra,0,Penumantra
853,28,ANDHRA PRADESH,546,West Godavari,4979,Iragavaram,0,Iragavaram
854,28,ANDHRA PRADESH,546,West Godavari,4980,Penugonda,0,Penugonda
855,28,ANDHRA PRADESH,546,West Godavari,4981,Achanta,0,Achanta
856,28,ANDHRA PRADESH,546,West Godavari,4982,Poduru,0,Poduru
857,28,ANDHRA PRADESH,546,West Godavari,4983,Veeravasaram,0,Veeravasaram
858,28,ANDHRA PRADESH,546,West Godavari,4984,Bhimavaram,0,Bhimavaram
859,28,ANDHRA PRADESH,546,West Godavari,4984,Bhimavaram,802964,Bhimavaram (M + OG)
860,28,ANDHRA PRADESH,546,West Godavari,4984,Bhimavaram,802964,Bhimavaram (M)
861,28,ANDHRA PRADESH,546,West Godavari,4985,Kalla,0,Kalla
862,28,ANDHRA PRADESH,546,West Godavari,4986,Mogalthur,0,Mogalthur
863,28,ANDHRA PRADESH,546,West Godavari,4987,Narasapuram,0,Narasapuram
864,28,ANDHRA PRADESH,546,West Godavari,4987,Narasapuram,802965,Narasapur (M)
865,28,ANDHRA PRADESH,546,West Godavari,4988,Palacole,0,Palacole
866,28,ANDHRA PRADESH,546,West Godavari,4988,Palacole,802966,Palacole (M + OG)
867,28,ANDHRA PRADESH,546,West Godavari,4988,Palacole,802966,Palacole (M)
868,28,ANDHRA PRADESH,546,West Godavari,4989,Yelamanchili,0,Yelamanchili
869,28,ANDHRA PRADESH,547,Krishna,0,Krishna,0,Krishna
870,28,ANDHRA PRADESH,547,Krishna,4990,Vatsavai,0,Vatsavai
871,28,ANDHRA PRADESH,547,Krishna,4991,Jaggayyapeta,0,Jaggayyapeta
872,28,ANDHRA PRADESH,547,Krishna,4991,Jaggayyapeta,802967,Jaggaiahpet (M)
873,28,ANDHRA PRADESH,547,Krishna,4992,Penuganchiprolu,0,Penuganchiprolu
874,28,ANDHRA PRADESH,547,Krishna,4993,Nandigama,0,Nandigama
875,28,ANDHRA PRADESH,547,Krishna,4994,Veerullapadu,0,Veerullapadu
876,28,ANDHRA PRADESH,547,Krishna,4995,Mylavaram,0,Mylavaram
877,28,ANDHRA PRADESH,547,Krishna,4996,Gampalagudem,0,Gampalagudem
878,28,ANDHRA PRADESH,547,Krishna,4997,Tiruvuru,0,Tiruvuru
879,28,ANDHRA PRADESH,547,Krishna,4998,A.Konduru,0,A.Konduru
880,28,ANDHRA PRADESH,547,Krishna,4999,Reddigudem,0,Reddigudem
881,28,ANDHRA PRADESH,547,Krishna,5000,Vissannapet,0,Vissannapet
882,28,ANDHRA PRADESH,547,Krishna,5001,Chatrai,0,Chatrai
883,28,ANDHRA PRADESH,547,Krishna,5002,Musunuru,0,Musunuru
884,28,ANDHRA PRADESH,547,Krishna,5003,Nuzvid,0,Nuzvid
885,28,ANDHRA PRADESH,547,Krishna,5003,Nuzvid,802968,Nuzvid (M)
886,28,ANDHRA PRADESH,547,Krishna,5004,Bapulapadu,0,Bapulapadu
887,28,ANDHRA PRADESH,547,Krishna,5005,Agiripalle,0,Agiripalle
888,28,ANDHRA PRADESH,547,Krishna,5006,G.Konduru,0,G.Konduru
889,28,ANDHRA PRADESH,547,Krishna,5007,Kanchikacherla,0,Kanchikacherla
890,28,ANDHRA PRADESH,547,Krishna,5008,Chandarlapadu,0,Chandarlapadu
891,28,ANDHRA PRADESH,547,Krishna,5009,Ibrahimpatnam,0,Ibrahimpatnam
892,28,ANDHRA PRADESH,547,Krishna,5010,Vijayawada (Urban),0,Vijayawada (Urban)
893,28,ANDHRA PRADESH,547,Krishna,0,Krishna,802969,Vijayawada (M Corp. + OG)
894,28,ANDHRA PRADESH,547,Krishna,5010,Vijayawada (Urban),802969,Vijayawada (M Corp. + OG) (Part)
895,28,ANDHRA PRADESH,547,Krishna,5011,Vijayawada (Rural),0,Vijayawada (Rural)
896,28,ANDHRA PRADESH,547,Krishna,5011,Vijayawada (Rural),802969,Vijayawada (M Corp. + OG) (Part)
897,28,ANDHRA PRADESH,547,Krishna,5011,Vijayawada (Rural),802969,Vijayawada (M Corp. + OG) (Part)
898,28,ANDHRA PRADESH,547,Krishna,5012,Gannavaram,0,Gannavaram
899,28,ANDHRA PRADESH,547,Krishna,5013,Unguturu,0,Unguturu
900,28,ANDHRA PRADESH,547,Krishna,5014,Nandivada,0,Nandivada
901,28,ANDHRA PRADESH,547,Krishna,5015,Mandavalli,0,Mandavalli
902,28,ANDHRA PRADESH,547,Krishna,5016,Kaikalur,0,Kaikalur
903,28,ANDHRA PRADESH,547,Krishna,5017,Kalidindi,0,Kalidindi
904,28,ANDHRA PRADESH,547,Krishna,5018,Kruthivennu,0,Kruthivennu
905,28,ANDHRA PRADESH,547,Krishna,5019,Bantumilli,0,Bantumilli
906,28,ANDHRA PRADESH,547,Krishna,5020,Mudinepalle,0,Mudinepalle
907,28,ANDHRA PRADESH,547,Krishna,5021,Gudivada,0,Gudivada
908,28,ANDHRA PRADESH,547,Krishna,5021,Gudivada,802970,Gudivada (M)
909,28,ANDHRA PRADESH,547,Krishna,5022,Pedaparupudi,0,Pedaparupudi
910,28,ANDHRA PRADESH,547,Krishna,5023,Kankipadu,0,Kankipadu
911,28,ANDHRA PRADESH,547,Krishna,5024,Penamaluru,0,Penamaluru
912,28,ANDHRA PRADESH,547,Krishna,5024,Penamaluru,802969,Vijayawada (M Corp. + OG) (Part)
913,28,ANDHRA PRADESH,547,Krishna,5025,Thotlavalluru,0,Thotlavalluru
914,28,ANDHRA PRADESH,547,Krishna,5026,Pamidimukkala,0,Pamidimukkala
915,28,ANDHRA PRADESH,547,Krishna,5027,Vuyyuru,0,Vuyyuru
916,28,ANDHRA PRADESH,547,Krishna,5028,Pamarru,0,Pamarru
917,28,ANDHRA PRADESH,547,Krishna,5029,Gudlavalleru,0,Gudlavalleru
918,28,ANDHRA PRADESH,547,Krishna,5030,Pedana,0,Pedana
919,28,ANDHRA PRADESH,547,Krishna,5030,Pedana,802971,Pedana (M)
920,28,ANDHRA PRADESH,547,Krishna,5031,Guduru,0,Guduru
921,28,ANDHRA PRADESH,547,Krishna,5032,Movva,0,Movva
922,28,ANDHRA PRADESH,547,Krishna,5033,Ghantasala,0,Ghantasala
923,28,ANDHRA PRADESH,547,Krishna,5034,Machilipatnam,0,Machilipatnam
924,28,ANDHRA PRADESH,547,Krishna,5034,Machilipatnam,802972,Machilipatnam (M)
925,28,ANDHRA PRADESH,547,Krishna,5035,Challapalle,0,Challapalle
926,28,ANDHRA PRADESH,547,Krishna,5036,Mopidevi,0,Mopidevi
927,28,ANDHRA PRADESH,547,Krishna,5037,Avanigadda,0,Avanigadda
928,28,ANDHRA PRADESH,547,Krishna,5038,Nagayalanka,0,Nagayalanka
929,28,ANDHRA PRADESH,547,Krishna,5039,Koduru,0,Koduru
930,28,ANDHRA PRADESH,548,Guntur,0,Guntur,0,Guntur
931,28,ANDHRA PRADESH,548,Guntur,5040,Macherla,0,Macherla
932,28,ANDHRA PRADESH,548,Guntur,5040,Macherla,802973,Macherla (M)
933,28,ANDHRA PRADESH,548,Guntur,5041,Veldurthi,0,Veldurthi
934,28,ANDHRA PRADESH,548,Guntur,5042,Durgi,0,Durgi
935,28,ANDHRA PRADESH,548,Guntur,5043,Rentachintala,0,Rentachintala
936,28,ANDHRA PRADESH,548,Guntur,5044,Gurazala,0,Gurazala
937,28,ANDHRA PRADESH,548,Guntur,5045,Dachepalle,0,Dachepalle
938,28,ANDHRA PRADESH,548,Guntur,5046,Karempudi,0,Karempudi
939,28,ANDHRA PRADESH,548,Guntur,5047,Piduguralla,0,Piduguralla
940,28,ANDHRA PRADESH,548,Guntur,5047,Piduguralla,802974,Piduguralla (NP)
941,28,ANDHRA PRADESH,548,Guntur,5048,Machavaram,0,Machavaram
942,28,ANDHRA PRADESH,548,Guntur,5049,Bellamkonda,0,Bellamkonda
943,28,ANDHRA PRADESH,548,Guntur,5050,Atchampet,0,Atchampet
944,28,ANDHRA PRADESH,548,Guntur,5051,Krosuru,0,Krosuru
945,28,ANDHRA PRADESH,548,Guntur,5052,Amaravathi,0,Amaravathi
946,28,ANDHRA PRADESH,548,Guntur,5053,Thullur,0,Thullur
947,28,ANDHRA PRADESH,548,Guntur,5054,Tadepalle,0,Tadepalle
948,28,ANDHRA PRADESH,548,Guntur,5054,Tadepalle,802975,Tadepalle (M + OG)
949,28,ANDHRA PRADESH,548,Guntur,5054,Tadepalle,802975,Tadepalle (M)
950,28,ANDHRA PRADESH,548,Guntur,5055,Mangalagiri,0,Mangalagiri
951,28,ANDHRA PRADESH,548,Guntur,5055,Mangalagiri,802976,Mangalagiri (M + OG)
952,28,ANDHRA PRADESH,548,Guntur,5055,Mangalagiri,802976,Mangalagiri (M)
953,28,ANDHRA PRADESH,548,Guntur,5056,Tadikonda,0,Tadikonda
954,28,ANDHRA PRADESH,548,Guntur,5057,Pedakurapadu,0,Pedakurapadu
955,28,ANDHRA PRADESH,548,Guntur,5058,Sattenapalle,0,Sattenapalle
956,28,ANDHRA PRADESH,548,Guntur,5058,Sattenapalle,802977,Sattenapalle (M)
957,28,ANDHRA PRADESH,548,Guntur,5059,Rajupalem,0,Rajupalem
958,28,ANDHRA PRADESH,548,Guntur,5060,Nekarikallu,0,Nekarikallu
959,28,ANDHRA PRADESH,548,Guntur,5061,Bollapalle,0,Bollapalle
960,28,ANDHRA PRADESH,548,Guntur,5062,Vinukonda,0,Vinukonda
961,28,ANDHRA PRADESH,548,Guntur,5062,Vinukonda,802978,Vinukonda (M + OG)
962,28,ANDHRA PRADESH,548,Guntur,5062,Vinukonda,802978,Vinukonda (M)
963,28,ANDHRA PRADESH,548,Guntur,5063,Nuzendla,0,Nuzendla
964,28,ANDHRA PRADESH,548,Guntur,5064,Savalyapuram H/O Kanamarlapudi,0,Savalyapuram H/O Kanamarlapudi
965,28,ANDHRA PRADESH,548,Guntur,5065,Ipur,0,Ipur
966,28,ANDHRA PRADESH,548,Guntur,5066,Rompicherla,0,Rompicherla
967,28,ANDHRA PRADESH,548,Guntur,5067,Narasaraopet,0,Narasaraopet
968,28,ANDHRA PRADESH,548,Guntur,5067,Narasaraopet,802979,Narasaraopet (M + OG)
969,28,ANDHRA PRADESH,548,Guntur,5067,Narasaraopet,802979,Narasaraopet (M)
970,28,ANDHRA PRADESH,548,Guntur,5068,Muppalla,0,Muppalla
971,28,ANDHRA PRADESH,548,Guntur,5069,Nadendla,0,Nadendla
972,28,ANDHRA PRADESH,548,Guntur,5070,"Chilakaluripet
 H/O.Purushotha Patnam",0,"Chilakaluripet
 H/O.Purushotha Patnam"
973,28,ANDHRA PRADESH,548,Guntur,5070,"Chilakaluripet
 H/O.Purushotha Patnam",802980,Chilakaluripet (M)
974,28,ANDHRA PRADESH,548,Guntur,5071,Edlapadu,0,Edlapadu
975,28,ANDHRA PRADESH,548,Guntur,5072,Phirangipuram,0,Phirangipuram
976,28,ANDHRA PRADESH,548,Guntur,5073,Medikonduru,0,Medikonduru
977,28,ANDHRA PRADESH,548,Guntur,5074,Guntur,0,Guntur
978,28,ANDHRA PRADESH,548,Guntur,5074,Guntur,802981,Guntur (M Corp. + OG)
979,28,ANDHRA PRADESH,548,Guntur,5074,Guntur,802981,Guntur (M Corp.)
980,28,ANDHRA PRADESH,548,Guntur,5075,Pedakakani,0,Pedakakani
981,28,ANDHRA PRADESH,548,Guntur,5076,Duggirala,0,Duggirala
982,28,ANDHRA PRADESH,548,Guntur,5077,Kollipara,0,Kollipara
983,28,ANDHRA PRADESH,548,Guntur,5078,Tenali,0,Tenali
984,28,ANDHRA PRADESH,548,Guntur,5078,Tenali,802982,Tenali (M)
985,28,ANDHRA PRADESH,548,Guntur,5079,Chebrolu,0,Chebrolu
986,28,ANDHRA PRADESH,548,Guntur,5080,Vatticherukuru,0,Vatticherukuru
987,28,ANDHRA PRADESH,548,Guntur,5081,Prathipadu,0,Prathipadu
988,28,ANDHRA PRADESH,548,Guntur,5082,Pedanandipadu,0,Pedanandipadu
989,28,ANDHRA PRADESH,548,Guntur,5083,Kakumanu,0,Kakumanu
990,28,ANDHRA PRADESH,548,Guntur,5084,Ponnur,0,Ponnur
991,28,ANDHRA PRADESH,548,Guntur,5084,Ponnur,802983,Ponnur (M)
992,28,ANDHRA PRADESH,548,Guntur,5085,Tsundur,0,Tsundur
993,28,ANDHRA PRADESH,548,Guntur,5086,Amruthalur,0,Amruthalur
994,28,ANDHRA PRADESH,548,Guntur,5087,Vemuru,0,Vemuru
995,28,ANDHRA PRADESH,548,Guntur,5088,Kollur,0,Kollur
996,28,ANDHRA PRADESH,548,Guntur,5089,Bhattiprolu,0,Bhattiprolu
997,28,ANDHRA PRADESH,548,Guntur,5090,Cherukupalle H/O Arumbaka,0,Cherukupalle H/O Arumbaka
998,28,ANDHRA PRADESH,548,Guntur,5091,Pittalavanipalem,0,Pittalavanipalem
999,28,ANDHRA PRADESH,548,Guntur,5092,Karlapalem,0,Karlapalem
1000,28,ANDHRA PRADESH,548,Guntur,5093,Bapatla,0,Bapatla
1001,28,ANDHRA PRADESH,548,Guntur,5093,Bapatla,802984,Bapatla (M)
1002,28,ANDHRA PRADESH,548,Guntur,5094,Nizampatnam,0,Nizampatnam
1003,28,ANDHRA PRADESH,548,Guntur,5095,Nagaram,0,Nagaram
1004,28,ANDHRA PRADESH,548,Guntur,5096,Repalle,0,Repalle
1005,28,ANDHRA PRADESH,548,Guntur,5096,Repalle,802985,Repalle (M)
1006,28,ANDHRA PRADESH,549,Prakasam,0,Prakasam,0,Prakasam
1007,28,ANDHRA PRADESH,549,Prakasam,5097,Yerragondapalem,0,Yerragondapalem
1008,28,ANDHRA PRADESH,549,Prakasam,5098,Pullalacheruvu,0,Pullalacheruvu
1009,28,ANDHRA PRADESH,549,Prakasam,5099,Tripuranthakam,0,Tripuranthakam
1010,28,ANDHRA PRADESH,549,Prakasam,5100,Dornala,0,Dornala
1011,28,ANDHRA PRADESH,549,Prakasam,5101,Peda  Araveedu,0,Peda  Araveedu
1012,28,ANDHRA PRADESH,549,Prakasam,5102,Donakonda,0,Donakonda
1013,28,ANDHRA PRADESH,549,Prakasam,5103,Kurichedu,0,Kurichedu
1014,28,ANDHRA PRADESH,549,Prakasam,5104,Santhamaguluru,0,Santhamaguluru
1015,28,ANDHRA PRADESH,549,Prakasam,5105,Ballikurava,0,Ballikurava
1016,28,ANDHRA PRADESH,549,Prakasam,5106,Martur,0,Martur
1017,28,ANDHRA PRADESH,549,Prakasam,5107,Yeddana Pudi,0,Yeddana Pudi
1018,28,ANDHRA PRADESH,549,Prakasam,5108,Parchur,0,Parchur
1019,28,ANDHRA PRADESH,549,Prakasam,5109,Karamchedu,0,Karamchedu
1020,28,ANDHRA PRADESH,549,Prakasam,5110,Inkollu,0,Inkollu
1021,28,ANDHRA PRADESH,549,Prakasam,5111,Janakavarampanguluru,0,Janakavarampanguluru
1022,28,ANDHRA PRADESH,549,Prakasam,5112,Addanki,0,Addanki
1023,28,ANDHRA PRADESH,549,Prakasam,5113,Mundlamuru,0,Mundlamuru
1024,28,ANDHRA PRADESH,549,Prakasam,5114,Darsi,0,Darsi
1025,28,ANDHRA PRADESH,549,Prakasam,5115,Markapur,0,Markapur
1026,28,ANDHRA PRADESH,549,Prakasam,5115,Markapur,802986,Markapur (M)
1027,28,ANDHRA PRADESH,549,Prakasam,5116,Ardhaveedu,0,Ardhaveedu
1028,28,ANDHRA PRADESH,549,Prakasam,5117,Cumbum,0,Cumbum
1029,28,ANDHRA PRADESH,549,Prakasam,5118,Tarlupadu,0,Tarlupadu
1030,28,ANDHRA PRADESH,549,Prakasam,5119,Konakanamitla,0,Konakanamitla
1031,28,ANDHRA PRADESH,549,Prakasam,5120,Podili,0,Podili
1032,28,ANDHRA PRADESH,549,Prakasam,5121,Thallur,0,Thallur
1033,28,ANDHRA PRADESH,549,Prakasam,5122,Korisapadu,0,Korisapadu
1034,28,ANDHRA PRADESH,549,Prakasam,5123,Chirala,0,Chirala
1035,28,ANDHRA PRADESH,549,Prakasam,0,Prakasam,802987,Chirala (M + OG)
1036,28,ANDHRA PRADESH,549,Prakasam,5123,Chirala,802987,Chirala (M + OG) (Part)
1037,28,ANDHRA PRADESH,549,Prakasam,5123,Chirala,802987,Chirala (M + OG) (Part)
1038,28,ANDHRA PRADESH,549,Prakasam,5124,Vetapalem,0,Vetapalem
1039,28,ANDHRA PRADESH,549,Prakasam,5124,Vetapalem,802987,Chirala (M + OG) (Part)
1040,28,ANDHRA PRADESH,549,Prakasam,5125,Chinaganjam,0,Chinaganjam
1041,28,ANDHRA PRADESH,549,Prakasam,5126,Naguluppala Padu,0,Naguluppala Padu
1042,28,ANDHRA PRADESH,549,Prakasam,5127,Maddipadu,0,Maddipadu
1043,28,ANDHRA PRADESH,549,Prakasam,5128,Chimakurthi,0,Chimakurthi
1044,28,ANDHRA PRADESH,549,Prakasam,5129,Marripudi,0,Marripudi
1045,28,ANDHRA PRADESH,549,Prakasam,5130,Hanumanthuni Padu,0,Hanumanthuni Padu
1046,28,ANDHRA PRADESH,549,Prakasam,5131,Bestawaripeta,0,Bestawaripeta
1047,28,ANDHRA PRADESH,549,Prakasam,5132,Racherla,0,Racherla
1048,28,ANDHRA PRADESH,549,Prakasam,5133,Giddalur,0,Giddalur
1049,28,ANDHRA PRADESH,549,Prakasam,5134,Komarolu,0,Komarolu
1050,28,ANDHRA PRADESH,549,Prakasam,5135,Veligandla,0,Veligandla
1051,28,ANDHRA PRADESH,549,Prakasam,5136,Kanigiri,0,Kanigiri
1052,28,ANDHRA PRADESH,549,Prakasam,5137,Kondapi,0,Kondapi
1053,28,ANDHRA PRADESH,549,Prakasam,5138,Santhanuthala Padu,0,Santhanuthala Padu
1054,28,ANDHRA PRADESH,549,Prakasam,0,Prakasam,802988,Ongole (M + OG)
1055,28,ANDHRA PRADESH,549,Prakasam,5138,Santhanuthala Padu,802988,Ongole (M + OG) (Part)
1056,28,ANDHRA PRADESH,549,Prakasam,5139,Ongole,0,Ongole
1057,28,ANDHRA PRADESH,549,Prakasam,5139,Ongole,802988,Ongole (M + OG) (Part)
1058,28,ANDHRA PRADESH,549,Prakasam,5139,Ongole,802988,Ongole (M + OG) (Part)
1059,28,ANDHRA PRADESH,549,Prakasam,5140,Kotha Patnam,0,Kotha Patnam
1060,28,ANDHRA PRADESH,549,Prakasam,5141,Tangutur,0,Tangutur
1061,28,ANDHRA PRADESH,549,Prakasam,5142,Zarugumilli,0,Zarugumilli
1062,28,ANDHRA PRADESH,549,Prakasam,5143,Ponnaluru,0,Ponnaluru
1063,28,ANDHRA PRADESH,549,Prakasam,5144,Pedacherlo Palle,0,Pedacherlo Palle
1064,28,ANDHRA PRADESH,549,Prakasam,5145,Chandra Sekhara Puram,0,Chandra Sekhara Puram
1065,28,ANDHRA PRADESH,549,Prakasam,5146,Pamur,0,Pamur
1066,28,ANDHRA PRADESH,549,Prakasam,5147,Voletivaripalem,0,Voletivaripalem
1067,28,ANDHRA PRADESH,549,Prakasam,5148,Kandukur,0,Kandukur
1068,28,ANDHRA PRADESH,549,Prakasam,5148,Kandukur,802989,Kandukur (M)
1069,28,ANDHRA PRADESH,549,Prakasam,5149,Singarayakonda,0,Singarayakonda
1070,28,ANDHRA PRADESH,549,Prakasam,5150,Lingasamudram,0,Lingasamudram
1071,28,ANDHRA PRADESH,549,Prakasam,5151,Gudluru,0,Gudluru
1072,28,ANDHRA PRADESH,549,Prakasam,5152,Ulavapadu,0,Ulavapadu
1073,28,ANDHRA PRADESH,550,Sri Potti Sriramulu Nellore,0,Sri Potti Sriramulu Nellore,0,Sri Potti Sriramulu Nellore
1074,28,ANDHRA PRADESH,550,Sri Potti Sriramulu Nellore,5153,Seetharamapuram,0,Seetharamapuram
1075,28,ANDHRA PRADESH,550,Sri Potti Sriramulu Nellore,5154,Udayagiri,0,Udayagiri
1076,28,ANDHRA PRADESH,550,Sri Potti Sriramulu Nellore,5155,Varikuntapadu,0,Varikuntapadu
1077,28,ANDHRA PRADESH,550,Sri Potti Sriramulu Nellore,5156,Kondapuram,0,Kondapuram
1078,28,ANDHRA PRADESH,550,Sri Potti Sriramulu Nellore,5157,Jaladanki,0,Jaladanki
1079,28,ANDHRA PRADESH,550,Sri Potti Sriramulu Nellore,5158,Kavali,0,Kavali
1080,28,ANDHRA PRADESH,550,Sri Potti Sriramulu Nellore,5158,Kavali,802990,Kavali (M + OG)
1081,28,ANDHRA PRADESH,550,Sri Potti Sriramulu Nellore,5158,Kavali,802990,Kavali (M)
1082,28,ANDHRA PRADESH,550,Sri Potti Sriramulu Nellore,5159,Bogole,0,Bogole
1083,28,ANDHRA PRADESH,550,Sri Potti Sriramulu Nellore,5160,Kaligiri,0,Kaligiri
1084,28,ANDHRA PRADESH,550,Sri Potti Sriramulu Nellore,5161,Vinjamur,0,Vinjamur
1085,28,ANDHRA PRADESH,550,Sri Potti Sriramulu Nellore,5162,Duttalur,0,Duttalur
1086,28,ANDHRA PRADESH,550,Sri Potti Sriramulu Nellore,5163,Marripadu,0,Marripadu
1087,28,ANDHRA PRADESH,550,Sri Potti Sriramulu Nellore,5164,Atmakur,0,Atmakur
1088,28,ANDHRA PRADESH,550,Sri Potti Sriramulu Nellore,5165,Anumasamudrampeta,0,Anumasamudrampeta
1089,28,ANDHRA PRADESH,550,Sri Potti Sriramulu Nellore,5166,Dagadarthi,0,Dagadarthi
1090,28,ANDHRA PRADESH,550,Sri Potti Sriramulu Nellore,5167,Allur,0,Allur
1091,28,ANDHRA PRADESH,550,Sri Potti Sriramulu Nellore,5168,Vidavalur,0,Vidavalur
1092,28,ANDHRA PRADESH,550,Sri Potti Sriramulu Nellore,5169,Kodavalur,0,Kodavalur
1093,28,ANDHRA PRADESH,550,Sri Potti Sriramulu Nellore,5170,Buchireddipalem,0,Buchireddipalem
1094,28,ANDHRA PRADESH,550,Sri Potti Sriramulu Nellore,5171,Sangam,0,Sangam
1095,28,ANDHRA PRADESH,550,Sri Potti Sriramulu Nellore,5172,Chejerla,0,Chejerla
1096,28,ANDHRA PRADESH,550,Sri Potti Sriramulu Nellore,5173,Ananthasagaram,0,Ananthasagaram
1097,28,ANDHRA PRADESH,550,Sri Potti Sriramulu Nellore,5174,Kaluvoya,0,Kaluvoya
1098,28,ANDHRA PRADESH,550,Sri Potti Sriramulu Nellore,5175,Rapur,0,Rapur
1099,28,ANDHRA PRADESH,550,Sri Potti Sriramulu Nellore,5176,Podalakur,0,Podalakur
1100,28,ANDHRA PRADESH,550,Sri Potti Sriramulu Nellore,5177,Nellore,0,Nellore
1101,28,ANDHRA PRADESH,550,Sri Potti Sriramulu Nellore,5177,Nellore,802991,Nellore (M Corp. + OG)
1102,28,ANDHRA PRADESH,550,Sri Potti Sriramulu Nellore,5177,Nellore,802991,Nellore (M Corp.)
1103,28,ANDHRA PRADESH,550,Sri Potti Sriramulu Nellore,5178,Kovur,0,Kovur
1104,28,ANDHRA PRADESH,550,Sri Potti Sriramulu Nellore,5179,Indukurpet,0,Indukurpet
1105,28,ANDHRA PRADESH,550,Sri Potti Sriramulu Nellore,5180,Thotapalligudur,0,Thotapalligudur
1106,28,ANDHRA PRADESH,550,Sri Potti Sriramulu Nellore,5181,Muthukur,0,Muthukur
1107,28,ANDHRA PRADESH,550,Sri Potti Sriramulu Nellore,5182,Venkatachalam,0,Venkatachalam
1108,28,ANDHRA PRADESH,550,Sri Potti Sriramulu Nellore,5183,Manubolu,0,Manubolu
1109,28,ANDHRA PRADESH,550,Sri Potti Sriramulu Nellore,5184,Gudur,0,Gudur
1110,28,ANDHRA PRADESH,550,Sri Potti Sriramulu Nellore,0,Sri Potti Sriramulu Nellore,802992,Gudur (M + OG)
1111,28,ANDHRA PRADESH,550,Sri Potti Sriramulu Nellore,5184,Gudur,802992,Gudur (M + OG) (Part)
1112,28,ANDHRA PRADESH,550,Sri Potti Sriramulu Nellore,5185,Sydapuram,0,Sydapuram
1113,28,ANDHRA PRADESH,550,Sri Potti Sriramulu Nellore,5186,Dakkili,0,Dakkili
1114,28,ANDHRA PRADESH,550,Sri Potti Sriramulu Nellore,5187,Venkatagiri,0,Venkatagiri
1115,28,ANDHRA PRADESH,550,Sri Potti Sriramulu Nellore,5187,Venkatagiri,802993,Venkatagiri (M + OG)
1116,28,ANDHRA PRADESH,550,Sri Potti Sriramulu Nellore,5187,Venkatagiri,802993,Venkatagiri (M)
1117,28,ANDHRA PRADESH,550,Sri Potti Sriramulu Nellore,5188,Balayapalle,0,Balayapalle
1118,28,ANDHRA PRADESH,550,Sri Potti Sriramulu Nellore,5189,Ojili,0,Ojili
1119,28,ANDHRA PRADESH,550,Sri Potti Sriramulu Nellore,5190,Chillakur,0,Chillakur
1120,28,ANDHRA PRADESH,550,Sri Potti Sriramulu Nellore,5190,Chillakur,802992,Gudur (M + OG) (Part)
1121,28,ANDHRA PRADESH,550,Sri Potti Sriramulu Nellore,5191,Kota,0,Kota
1122,28,ANDHRA PRADESH,550,Sri Potti Sriramulu Nellore,5192,Vakadu,0,Vakadu
1123,28,ANDHRA PRADESH,550,Sri Potti Sriramulu Nellore,5193,Chittamur,0,Chittamur
1124,28,ANDHRA PRADESH,550,Sri Potti Sriramulu Nellore,5194,Naidupet,0,Naidupet
1125,28,ANDHRA PRADESH,550,Sri Potti Sriramulu Nellore,5195,Pellakur,0,Pellakur
1126,28,ANDHRA PRADESH,550,Sri Potti Sriramulu Nellore,5196,Doravarisatram,0,Doravarisatram
1127,28,ANDHRA PRADESH,550,Sri Potti Sriramulu Nellore,5197,Sullurpeta,0,Sullurpeta
1128,28,ANDHRA PRADESH,550,Sri Potti Sriramulu Nellore,5198,Tada,0,Tada
1129,28,ANDHRA PRADESH,551,Y.S.R.,0,Y.S.R.,0,Y.S.R.
1130,28,ANDHRA PRADESH,551,Y.S.R.,5199,Kondapuram,0,Kondapuram
1131,28,ANDHRA PRADESH,551,Y.S.R.,5200,Mylavaram,0,Mylavaram
1132,28,ANDHRA PRADESH,551,Y.S.R.,5201,Peddamudium,0,Peddamudium
1133,28,ANDHRA PRADESH,551,Y.S.R.,5202,Rajupalem,0,Rajupalem
1134,28,ANDHRA PRADESH,551,Y.S.R.,5203,Duvvur,0,Duvvur
1135,28,ANDHRA PRADESH,551,Y.S.R.,5204,S.Mydukur,0,S.Mydukur
1136,28,ANDHRA PRADESH,551,Y.S.R.,5205,Brahmamgarimattam,0,Brahmamgarimattam
1137,28,ANDHRA PRADESH,551,Y.S.R.,5206,Sri Avadhutha Kasinayana,0,Sri Avadhutha Kasinayana
1138,28,ANDHRA PRADESH,551,Y.S.R.,5207,Kalasapadu,0,Kalasapadu
1139,28,ANDHRA PRADESH,551,Y.S.R.,5208,Porumamilla,0,Porumamilla
1140,28,ANDHRA PRADESH,551,Y.S.R.,5209,B.Kodur,0,B.Kodur
1141,28,ANDHRA PRADESH,551,Y.S.R.,5210,Badvel,0,Badvel
1142,28,ANDHRA PRADESH,551,Y.S.R.,0,Y.S.R.,802994,Badvel (M)
1143,28,ANDHRA PRADESH,551,Y.S.R.,5210,Badvel,802994,Badvel (M) (Part)
1144,28,ANDHRA PRADESH,551,Y.S.R.,5211,Gopavaram,0,Gopavaram
1145,28,ANDHRA PRADESH,551,Y.S.R.,5211,Gopavaram,802994,Badvel (M) (Part)
1146,28,ANDHRA PRADESH,551,Y.S.R.,5212,Khajipet,0,Khajipet
1147,28,ANDHRA PRADESH,551,Y.S.R.,5213,Chapad,0,Chapad
1148,28,ANDHRA PRADESH,551,Y.S.R.,5214,Proddatur,0,Proddatur
1149,28,ANDHRA PRADESH,551,Y.S.R.,5214,Proddatur,802995,Proddatur (M + OG)
1150,28,ANDHRA PRADESH,551,Y.S.R.,5214,Proddatur,802995,Proddatur (M)
1151,28,ANDHRA PRADESH,551,Y.S.R.,5215,Jammalamadugu,0,Jammalamadugu
1152,28,ANDHRA PRADESH,551,Y.S.R.,5215,Jammalamadugu,802996,Jammalamadugu (NP)
1153,28,ANDHRA PRADESH,551,Y.S.R.,5216,Muddanur,0,Muddanur
1154,28,ANDHRA PRADESH,551,Y.S.R.,5217,Simhadripuram,0,Simhadripuram
1155,28,ANDHRA PRADESH,551,Y.S.R.,5218,Lingala,0,Lingala
1156,28,ANDHRA PRADESH,551,Y.S.R.,5219,Pulivendla,0,Pulivendla
1157,28,ANDHRA PRADESH,551,Y.S.R.,5219,Pulivendla,802997,Pulivendla (M)
1158,28,ANDHRA PRADESH,551,Y.S.R.,5220,Vemula,0,Vemula
1159,28,ANDHRA PRADESH,551,Y.S.R.,5221,Thondur,0,Thondur
1160,28,ANDHRA PRADESH,551,Y.S.R.,5222,Veerapunayunipalle,0,Veerapunayunipalle
1161,28,ANDHRA PRADESH,551,Y.S.R.,5223,Yerraguntla,0,Yerraguntla
1162,28,ANDHRA PRADESH,551,Y.S.R.,5224,Kamalapuram,0,Kamalapuram
1163,28,ANDHRA PRADESH,551,Y.S.R.,5225,Vallur,0,Vallur
1164,28,ANDHRA PRADESH,551,Y.S.R.,5226,Chennur,0,Chennur
1165,28,ANDHRA PRADESH,551,Y.S.R.,0,Y.S.R.,802998,Kadapa (M Corp. + OG)
1166,28,ANDHRA PRADESH,551,Y.S.R.,5226,Chennur,802998,Kadapa (M Corp. + OG) (Part)
1167,28,ANDHRA PRADESH,551,Y.S.R.,5227,Atlur,0,Atlur
1168,28,ANDHRA PRADESH,551,Y.S.R.,5228,Vontimitta,0,Vontimitta
1169,28,ANDHRA PRADESH,551,Y.S.R.,5229,Sidhout,0,Sidhout
1170,28,ANDHRA PRADESH,551,Y.S.R.,5230,Kadapa,0,Kadapa
1171,28,ANDHRA PRADESH,551,Y.S.R.,5230,Kadapa,802998,Kadapa (M Corp. + OG) (Part)
1172,28,ANDHRA PRADESH,551,Y.S.R.,5231,Chinthakommadinne,0,Chinthakommadinne
1173,28,ANDHRA PRADESH,551,Y.S.R.,5231,Chinthakommadinne,802998,Kadapa (M Corp. + OG) (Part)
1174,28,ANDHRA PRADESH,551,Y.S.R.,5231,Chinthakommadinne,802998,Kadapa (M Corp. + OG) (Part)
1175,28,ANDHRA PRADESH,551,Y.S.R.,5232,Pendlimarri,0,Pendlimarri
1176,28,ANDHRA PRADESH,551,Y.S.R.,5233,Vempalle,0,Vempalle
1177,28,ANDHRA PRADESH,551,Y.S.R.,5234,Chakrayapet,0,Chakrayapet
1178,28,ANDHRA PRADESH,551,Y.S.R.,5235,Galiveedu,0,Galiveedu
1179,28,ANDHRA PRADESH,551,Y.S.R.,5236,Chinnamandem,0,Chinnamandem
1180,28,ANDHRA PRADESH,551,Y.S.R.,5237,Sambepalle,0,Sambepalle
1181,28,ANDHRA PRADESH,551,Y.S.R.,5238,T Sundupalle,0,T Sundupalle
1182,28,ANDHRA PRADESH,551,Y.S.R.,5239,Rayachoti,0,Rayachoti
1183,28,ANDHRA PRADESH,551,Y.S.R.,5239,Rayachoti,802999,Rayachoti (M)
1184,28,ANDHRA PRADESH,551,Y.S.R.,5240,Lakkireddipalle,0,Lakkireddipalle
1185,28,ANDHRA PRADESH,551,Y.S.R.,5241,Ramapuram,0,Ramapuram
1186,28,ANDHRA PRADESH,551,Y.S.R.,5242,Veeraballe,0,Veeraballe
1187,28,ANDHRA PRADESH,551,Y.S.R.,5243,Nandalur,0,Nandalur
1188,28,ANDHRA PRADESH,551,Y.S.R.,5244,Penagalur,0,Penagalur
1189,28,ANDHRA PRADESH,551,Y.S.R.,5245,Chitvel,0,Chitvel
1190,28,ANDHRA PRADESH,551,Y.S.R.,5246,Rajampet,0,Rajampet
1191,28,ANDHRA PRADESH,551,Y.S.R.,5246,Rajampet,803000,Rajampet (NP + OG)
1192,28,ANDHRA PRADESH,551,Y.S.R.,5246,Rajampet,803000,Rajampet (NP)
1193,28,ANDHRA PRADESH,551,Y.S.R.,5247,Pullampeta,0,Pullampeta
1194,28,ANDHRA PRADESH,551,Y.S.R.,5248,Obulavaripalle,0,Obulavaripalle
1195,28,ANDHRA PRADESH,551,Y.S.R.,5249,Kodur,0,Kodur
1196,28,ANDHRA PRADESH,552,Kurnool,0,Kurnool,0,Kurnool
1197,28,ANDHRA PRADESH,552,Kurnool,5250,Mantralayam,0,Mantralayam
1198,28,ANDHRA PRADESH,552,Kurnool,5251,Kosigi,0,Kosigi
1199,28,ANDHRA PRADESH,552,Kurnool,5252,Kowthalam,0,Kowthalam
1200,28,ANDHRA PRADESH,552,Kurnool,5253,Pedda Kadubur,0,Pedda Kadubur
1201,28,ANDHRA PRADESH,552,Kurnool,5254,Yemmiganur,0,Yemmiganur
1202,28,ANDHRA PRADESH,552,Kurnool,5254,Yemmiganur,803001,Yemmiganur (M)
1203,28,ANDHRA PRADESH,552,Kurnool,5255,Nandavaram,0,Nandavaram
1204,28,ANDHRA PRADESH,552,Kurnool,5256,C.Belagal,0,C.Belagal
1205,28,ANDHRA PRADESH,552,Kurnool,5257,Gudur,0,Gudur
1206,28,ANDHRA PRADESH,552,Kurnool,5258,Kallur,0,Kallur
1207,28,ANDHRA PRADESH,552,Kurnool,0,Kurnool,803002,Kurnool (M Corp. + OG)
1208,28,ANDHRA PRADESH,552,Kurnool,5258,Kallur,803002,Kurnool (M Corp. + OG) (Part)
1209,28,ANDHRA PRADESH,552,Kurnool,5259,Kurnool,0,Kurnool
1210,28,ANDHRA PRADESH,552,Kurnool,5259,Kurnool,803002,Kurnool (M Corp. + OG) (Part)
1211,28,ANDHRA PRADESH,552,Kurnool,5259,Kurnool,803002,Kurnool (M Corp. + OG) (Part)
1212,28,ANDHRA PRADESH,552,Kurnool,5260,Nandikotkur,0,Nandikotkur
1213,28,ANDHRA PRADESH,552,Kurnool,5261,Pagidyala,0,Pagidyala
1214,28,ANDHRA PRADESH,552,Kurnool,5262,Jupadu Bungalow,0,Jupadu Bungalow
1215,28,ANDHRA PRADESH,552,Kurnool,5263,Kothapalle,0,Kothapalle
1216,28,ANDHRA PRADESH,552,Kurnool,5264,Srisailam,0,Srisailam
1217,28,ANDHRA PRADESH,552,Kurnool,5265,Atmakur,0,Atmakur
1218,28,ANDHRA PRADESH,552,Kurnool,5266,Pamulapadu,0,Pamulapadu
1219,28,ANDHRA PRADESH,552,Kurnool,5267,Midthur,0,Midthur
1220,28,ANDHRA PRADESH,552,Kurnool,5268,Orvakal,0,Orvakal
1221,28,ANDHRA PRADESH,552,Kurnool,5269,Kodumur,0,Kodumur
1222,28,ANDHRA PRADESH,552,Kurnool,5270,Gonegandla,0,Gonegandla
1223,28,ANDHRA PRADESH,552,Kurnool,5271,Adoni,0,Adoni
1224,28,ANDHRA PRADESH,552,Kurnool,5271,Adoni,803003,Adoni (M + OG)
1225,28,ANDHRA PRADESH,552,Kurnool,5271,Adoni,803003,Adoni (M)
1226,28,ANDHRA PRADESH,552,Kurnool,5272,Holagunda,0,Holagunda
1227,28,ANDHRA PRADESH,552,Kurnool,5273,Halaharvi,0,Halaharvi
1228,28,ANDHRA PRADESH,552,Kurnool,5274,Alur,0,Alur
1229,28,ANDHRA PRADESH,552,Kurnool,5275,Aspari,0,Aspari
1230,28,ANDHRA PRADESH,552,Kurnool,5276,Devanakonda,0,Devanakonda
1231,28,ANDHRA PRADESH,552,Kurnool,5277,Krishnagiri,0,Krishnagiri
1232,28,ANDHRA PRADESH,552,Kurnool,5278,Veldurthi,0,Veldurthi
1233,28,ANDHRA PRADESH,552,Kurnool,5279,Bethamcherla,0,Bethamcherla
1234,28,ANDHRA PRADESH,552,Kurnool,5280,Panyam,0,Panyam
1235,28,ANDHRA PRADESH,552,Kurnool,5281,Gadivemula,0,Gadivemula
1236,28,ANDHRA PRADESH,552,Kurnool,5282,Velgode,0,Velgode
1237,28,ANDHRA PRADESH,552,Kurnool,5283,Bandi Atmakur,0,Bandi Atmakur
1238,28,ANDHRA PRADESH,552,Kurnool,5284,Nandyal,0,Nandyal
1239,28,ANDHRA PRADESH,552,Kurnool,5284,Nandyal,803004,Nandyal (M + OG)
1240,28,ANDHRA PRADESH,552,Kurnool,5284,Nandyal,803004,Nandyal (M)
1241,28,ANDHRA PRADESH,552,Kurnool,5285,Mahanandi,0,Mahanandi
1242,28,ANDHRA PRADESH,552,Kurnool,5286,Sirvel,0,Sirvel
1243,28,ANDHRA PRADESH,552,Kurnool,5287,Gospadu,0,Gospadu
1244,28,ANDHRA PRADESH,552,Kurnool,5288,Banaganapalle,0,Banaganapalle
1245,28,ANDHRA PRADESH,552,Kurnool,5289,Dhone,0,Dhone
1246,28,ANDHRA PRADESH,552,Kurnool,5289,Dhone,803005,Dhone (NP)
1247,28,ANDHRA PRADESH,552,Kurnool,5290,Pattikonda,0,Pattikonda
1248,28,ANDHRA PRADESH,552,Kurnool,5291,Chippagiri,0,Chippagiri
1249,28,ANDHRA PRADESH,552,Kurnool,5292,Maddikera (East),0,Maddikera (East)
1250,28,ANDHRA PRADESH,552,Kurnool,5293,Tuggali,0,Tuggali
1251,28,ANDHRA PRADESH,552,Kurnool,5294,Peapally,0,Peapally
1252,28,ANDHRA PRADESH,552,Kurnool,5295,Owk,0,Owk
1253,28,ANDHRA PRADESH,552,Kurnool,5296,Koilkuntla,0,Koilkuntla
1254,28,ANDHRA PRADESH,552,Kurnool,5297,Rudravaram,0,Rudravaram
1255,28,ANDHRA PRADESH,552,Kurnool,5298,Allagadda,0,Allagadda
1256,28,ANDHRA PRADESH,552,Kurnool,5299,Dornipadu,0,Dornipadu
1257,28,ANDHRA PRADESH,552,Kurnool,5300,Sanjamala,0,Sanjamala
1258,28,ANDHRA PRADESH,552,Kurnool,5301,Kolimigundla,0,Kolimigundla
1259,28,ANDHRA PRADESH,552,Kurnool,5302,Uyyalawada,0,Uyyalawada
1260,28,ANDHRA PRADESH,552,Kurnool,5303,Chagalamarri,0,Chagalamarri
1261,28,ANDHRA PRADESH,553,Anantapur,0,Anantapur,0,Anantapur
1262,28,ANDHRA PRADESH,553,Anantapur,5304,D.Hirehal,0,D.Hirehal
1263,28,ANDHRA PRADESH,553,Anantapur,5305,Rayadurg,0,Rayadurg
1264,28,ANDHRA PRADESH,553,Anantapur,5305,Rayadurg,803006,Rayadurg (M)
1265,28,ANDHRA PRADESH,553,Anantapur,5306,Kanekal,0,Kanekal
1266,28,ANDHRA PRADESH,553,Anantapur,5307,Bommanahal,0,Bommanahal
1267,28,ANDHRA PRADESH,553,Anantapur,5308,Vidapanakal,0,Vidapanakal
1268,28,ANDHRA PRADESH,553,Anantapur,5309,Guntakal,0,Guntakal
1269,28,ANDHRA PRADESH,553,Anantapur,5309,Guntakal,803007,Guntakal (M)
1270,28,ANDHRA PRADESH,553,Anantapur,5310,Gooty,0,Gooty
1271,28,ANDHRA PRADESH,553,Anantapur,5311,Peddavadugur,0,Peddavadugur
1272,28,ANDHRA PRADESH,553,Anantapur,5312,Yadiki,0,Yadiki
1273,28,ANDHRA PRADESH,553,Anantapur,5313,Tadpatri,0,Tadpatri
1274,28,ANDHRA PRADESH,553,Anantapur,5313,Tadpatri,803008,Tadpatri (M)
1275,28,ANDHRA PRADESH,553,Anantapur,5314,Peddapappur,0,Peddapappur
1276,28,ANDHRA PRADESH,553,Anantapur,5315,Pamidi,0,Pamidi
1277,28,ANDHRA PRADESH,553,Anantapur,5316,Vajrakarur,0,Vajrakarur
1278,28,ANDHRA PRADESH,553,Anantapur,5317,Uravakonda,0,Uravakonda
1279,28,ANDHRA PRADESH,553,Anantapur,5318,Beluguppa,0,Beluguppa
1280,28,ANDHRA PRADESH,553,Anantapur,5319,Gummagatta,0,Gummagatta
1281,28,ANDHRA PRADESH,553,Anantapur,5320,Brahmasamudram,0,Brahmasamudram
1282,28,ANDHRA PRADESH,553,Anantapur,5321,Kalyandurg,0,Kalyandurg
1283,28,ANDHRA PRADESH,553,Anantapur,5322,Atmakur,0,Atmakur
1284,28,ANDHRA PRADESH,553,Anantapur,5323,Kudair,0,Kudair
1285,28,ANDHRA PRADESH,553,Anantapur,5324,Garladinne,0,Garladinne
1286,28,ANDHRA PRADESH,553,Anantapur,5325,Singanamala,0,Singanamala
1287,28,ANDHRA PRADESH,553,Anantapur,5326,Putlur,0,Putlur
1288,28,ANDHRA PRADESH,553,Anantapur,5327,Yellanur,0,Yellanur
1289,28,ANDHRA PRADESH,553,Anantapur,5328,Narpala,0,Narpala
1290,28,ANDHRA PRADESH,553,Anantapur,5329,Bukkaraya Samudram,0,Bukkaraya Samudram
1291,28,ANDHRA PRADESH,553,Anantapur,5330,Anantapur,0,Anantapur
1292,28,ANDHRA PRADESH,553,Anantapur,0,Anantapur,803009,Anantapur (M Corp. + OG)
1293,28,ANDHRA PRADESH,553,Anantapur,5330,Anantapur,803009,Anantapur (M Corp. + OG) (Part)
1294,28,ANDHRA PRADESH,553,Anantapur,5330,Anantapur,803009,Anantapur (M Corp. + OG) (Part)
1295,28,ANDHRA PRADESH,553,Anantapur,5331,Raptadu,0,Raptadu
1296,28,ANDHRA PRADESH,553,Anantapur,5331,Raptadu,803009,Anantapur (M Corp. + OG) (Part)
1297,28,ANDHRA PRADESH,553,Anantapur,5332,Settur,0,Settur
1298,28,ANDHRA PRADESH,553,Anantapur,5333,Kundurpi,0,Kundurpi
1299,28,ANDHRA PRADESH,553,Anantapur,5334,Kambadur,0,Kambadur
1300,28,ANDHRA PRADESH,553,Anantapur,5335,Kanaganapalle,0,Kanaganapalle
1301,28,ANDHRA PRADESH,553,Anantapur,5336,Dharmavaram,0,Dharmavaram
1302,28,ANDHRA PRADESH,553,Anantapur,5336,Dharmavaram,803010,Dharmavaram (M)
1303,28,ANDHRA PRADESH,553,Anantapur,5337,Bathalapalle,0,Bathalapalle
1304,28,ANDHRA PRADESH,553,Anantapur,5338,Tadimarri,0,Tadimarri
1305,28,ANDHRA PRADESH,553,Anantapur,5339,Mudigubba,0,Mudigubba
1306,28,ANDHRA PRADESH,553,Anantapur,5340,Talupula,0,Talupula
1307,28,ANDHRA PRADESH,553,Anantapur,5341,Nambulipulikunta,0,Nambulipulikunta
1308,28,ANDHRA PRADESH,553,Anantapur,5342,Gandlapenta,0,Gandlapenta
1309,28,ANDHRA PRADESH,553,Anantapur,5343,Kadiri,0,Kadiri
1310,28,ANDHRA PRADESH,553,Anantapur,5343,Kadiri,803011,Kadiri (M)
1311,28,ANDHRA PRADESH,553,Anantapur,5344,Nallamada,0,Nallamada
1312,28,ANDHRA PRADESH,553,Anantapur,5345,Bukkapatnam,0,Bukkapatnam
1313,28,ANDHRA PRADESH,553,Anantapur,5346,Kothacheruvu,0,Kothacheruvu
1314,28,ANDHRA PRADESH,553,Anantapur,5347,Chennekothapalle,0,Chennekothapalle
1315,28,ANDHRA PRADESH,553,Anantapur,5348,Ramagiri,0,Ramagiri
1316,28,ANDHRA PRADESH,553,Anantapur,5349,Roddam,0,Roddam
1317,28,ANDHRA PRADESH,553,Anantapur,5350,Madakasira,0,Madakasira
1318,28,ANDHRA PRADESH,553,Anantapur,5351,Amarapuram,0,Amarapuram
1319,28,ANDHRA PRADESH,553,Anantapur,5352,Gudibanda,0,Gudibanda
1320,28,ANDHRA PRADESH,553,Anantapur,5353,Rolla,0,Rolla
1321,28,ANDHRA PRADESH,553,Anantapur,5354,Agali,0,Agali
1322,28,ANDHRA PRADESH,553,Anantapur,5355,Parigi,0,Parigi
1323,28,ANDHRA PRADESH,553,Anantapur,5356,Penukonda,0,Penukonda
1324,28,ANDHRA PRADESH,553,Anantapur,5357,Puttaparthi,0,Puttaparthi
1325,28,ANDHRA PRADESH,553,Anantapur,5358,Obuladevaracheruvu,0,Obuladevaracheruvu
1326,28,ANDHRA PRADESH,553,Anantapur,5359,Nallacheruvu,0,Nallacheruvu
1327,28,ANDHRA PRADESH,553,Anantapur,5360,Tanakal,0,Tanakal
1328,28,ANDHRA PRADESH,553,Anantapur,5361,Amadagur,0,Amadagur
1329,28,ANDHRA PRADESH,553,Anantapur,5362,Gorantla,0,Gorantla
1330,28,ANDHRA PRADESH,553,Anantapur,5363,Somandepalle,0,Somandepalle
1331,28,ANDHRA PRADESH,553,Anantapur,5364,Hindupur,0,Hindupur
1332,28,ANDHRA PRADESH,553,Anantapur,5364,Hindupur,803012,Hindupur (M)
1333,28,ANDHRA PRADESH,553,Anantapur,5365,Lepakshi,0,Lepakshi
1334,28,ANDHRA PRADESH,553,Anantapur,5366,Chilamathur,0,Chilamathur
1335,28,ANDHRA PRADESH,554,Chittoor,0,Chittoor,0,Chittoor
1336,28,ANDHRA PRADESH,554,Chittoor,5367,Mulakalacheruvu,0,Mulakalacheruvu
1337,28,ANDHRA PRADESH,554,Chittoor,5368,Thamballapalle,0,Thamballapalle
1338,28,ANDHRA PRADESH,554,Chittoor,5369,Peddamandyam,0,Peddamandyam
1339,28,ANDHRA PRADESH,554,Chittoor,5370,Gurramkonda,0,Gurramkonda
1340,28,ANDHRA PRADESH,554,Chittoor,5371,Kalakada,0,Kalakada
1341,28,ANDHRA PRADESH,554,Chittoor,5372,Kambhamvaripalle,0,Kambhamvaripalle
1342,28,ANDHRA PRADESH,554,Chittoor,5373,Rompicherla,0,Rompicherla
1343,28,ANDHRA PRADESH,554,Chittoor,5374,Yerravaripalem,0,Yerravaripalem
1344,28,ANDHRA PRADESH,554,Chittoor,5375,Tirupati (Rural),0,Tirupati (Rural)
1345,28,ANDHRA PRADESH,554,Chittoor,0,Chittoor,803014,Tirupati (M Corp. + OG)
1346,28,ANDHRA PRADESH,554,Chittoor,5375,Tirupati (Rural),803014,Tirupati (M Corp. + OG) (Part)
1347,28,ANDHRA PRADESH,554,Chittoor,5376,Renigunta,0,Renigunta
1348,28,ANDHRA PRADESH,554,Chittoor,5377,Yerpedu,0,Yerpedu
1349,28,ANDHRA PRADESH,554,Chittoor,5378,Srikalahasti,0,Srikalahasti
1350,28,ANDHRA PRADESH,554,Chittoor,5378,Srikalahasti,803013,Srikalahasti (M)
1351,28,ANDHRA PRADESH,554,Chittoor,5379,Thottambedu,0,Thottambedu
1352,28,ANDHRA PRADESH,554,Chittoor,5380,Buchinaidu Kandriga,0,Buchinaidu Kandriga
1353,28,ANDHRA PRADESH,554,Chittoor,5381,Varadaiahpalem,0,Varadaiahpalem
1354,28,ANDHRA PRADESH,554,Chittoor,5382,K.V.B.Puram,0,K.V.B.Puram
1355,28,ANDHRA PRADESH,554,Chittoor,5383,Tirupati (Urban),0,Tirupati (Urban)
1356,28,ANDHRA PRADESH,554,Chittoor,5383,Tirupati (Urban),803014,Tirupati (M Corp. + OG) (Part)
1357,28,ANDHRA PRADESH,554,Chittoor,5383,Tirupati (Urban),803014,Tirupati (M Corp. + OG) (Part)
1358,28,ANDHRA PRADESH,554,Chittoor,5384,Chandragiri,0,Chandragiri
1359,28,ANDHRA PRADESH,554,Chittoor,5385,Chinnagottigallu,0,Chinnagottigallu
1360,28,ANDHRA PRADESH,554,Chittoor,5386,Pileru,0,Pileru
1361,28,ANDHRA PRADESH,554,Chittoor,5387,Kalikiri,0,Kalikiri
1362,28,ANDHRA PRADESH,554,Chittoor,5388,Valmikipuram,0,Valmikipuram
1363,28,ANDHRA PRADESH,554,Chittoor,5389,Kurabalakota,0,Kurabalakota
1364,28,ANDHRA PRADESH,554,Chittoor,5390,Pedda Thippasamudram,0,Pedda Thippasamudram
1365,28,ANDHRA PRADESH,554,Chittoor,5391,B.Kothakota,0,B.Kothakota
1366,28,ANDHRA PRADESH,554,Chittoor,5392,Madanapalle,0,Madanapalle
1367,28,ANDHRA PRADESH,554,Chittoor,5392,Madanapalle,803015,Madanapalle (M + OG)
1368,28,ANDHRA PRADESH,554,Chittoor,5392,Madanapalle,803015,Madanapalle (M)
1369,28,ANDHRA PRADESH,554,Chittoor,5393,Nimmanapalle,0,Nimmanapalle
1370,28,ANDHRA PRADESH,554,Chittoor,5394,Sodam,0,Sodam
1371,28,ANDHRA PRADESH,554,Chittoor,5395,Pulicherla,0,Pulicherla
1372,28,ANDHRA PRADESH,554,Chittoor,5396,Pakala,0,Pakala
1373,28,ANDHRA PRADESH,554,Chittoor,5397,Vedurukuppam,0,Vedurukuppam
1374,28,ANDHRA PRADESH,554,Chittoor,5398,Ramachandrapuram,0,Ramachandrapuram
1375,28,ANDHRA PRADESH,554,Chittoor,5399,Vadamalapeta,0,Vadamalapeta
1376,28,ANDHRA PRADESH,554,Chittoor,5400,Narayanavanam,0,Narayanavanam
1377,28,ANDHRA PRADESH,554,Chittoor,5401,Pichatur,0,Pichatur
1378,28,ANDHRA PRADESH,554,Chittoor,5402,Satyavedu,0,Satyavedu
1379,28,ANDHRA PRADESH,554,Chittoor,5403,Nagalapuram,0,Nagalapuram
1380,28,ANDHRA PRADESH,554,Chittoor,5404,Nindra,0,Nindra
1381,28,ANDHRA PRADESH,554,Chittoor,5405,Vijayapuram,0,Vijayapuram
1382,28,ANDHRA PRADESH,554,Chittoor,5406,Nagari,0,Nagari
1383,28,ANDHRA PRADESH,554,Chittoor,5406,Nagari,803016,Nagari (M)
1384,28,ANDHRA PRADESH,554,Chittoor,5407,Puttur,0,Puttur
1385,28,ANDHRA PRADESH,554,Chittoor,5407,Puttur,803017,Puttur (M)
1386,28,ANDHRA PRADESH,554,Chittoor,5408,Karvetinagar,0,Karvetinagar
1387,28,ANDHRA PRADESH,554,Chittoor,5409,Penumuru,0,Penumuru
1388,28,ANDHRA PRADESH,554,Chittoor,5410,Puthalapattu,0,Puthalapattu
1389,28,ANDHRA PRADESH,554,Chittoor,5411,Irala,0,Irala
1390,28,ANDHRA PRADESH,554,Chittoor,5412,Somala,0,Somala
1391,28,ANDHRA PRADESH,554,Chittoor,5413,Chowdepalle,0,Chowdepalle
1392,28,ANDHRA PRADESH,554,Chittoor,5414,Ramasamudram,0,Ramasamudram
1393,28,ANDHRA PRADESH,554,Chittoor,5415,Punganur,0,Punganur
1394,28,ANDHRA PRADESH,554,Chittoor,5415,Punganur,803018,Punganur (M)
1395,28,ANDHRA PRADESH,554,Chittoor,5416,Peddapanjani,0,Peddapanjani
1396,28,ANDHRA PRADESH,554,Chittoor,5417,Gangavaram,0,Gangavaram
1397,28,ANDHRA PRADESH,554,Chittoor,0,Chittoor,803020,Palamaner (M + OG)
1398,28,ANDHRA PRADESH,554,Chittoor,5417,Gangavaram,803020,Palamaner (M + OG) (Part)
1399,28,ANDHRA PRADESH,554,Chittoor,5418,Thavanampalle,0,Thavanampalle
1400,28,ANDHRA PRADESH,554,Chittoor,5419,Srirangarajapuram,0,Srirangarajapuram
1401,28,ANDHRA PRADESH,554,Chittoor,5420,Gangadhara Nellore,0,Gangadhara Nellore
1402,28,ANDHRA PRADESH,554,Chittoor,5421,Chittoor,0,Chittoor
1403,28,ANDHRA PRADESH,554,Chittoor,5421,Chittoor,803019,Chittoor (M + OG)
1404,28,ANDHRA PRADESH,554,Chittoor,5421,Chittoor,803019,Chittoor (M)
1405,28,ANDHRA PRADESH,554,Chittoor,5422,Palamaner,0,Palamaner
1406,28,ANDHRA PRADESH,554,Chittoor,5422,Palamaner,803020,Palamaner (M + OG) (Part)
1407,28,ANDHRA PRADESH,554,Chittoor,5422,Palamaner,803020,Palamaner (M + OG) (Part)
1408,28,ANDHRA PRADESH,554,Chittoor,5423,Baireddipalle,0,Baireddipalle
1409,28,ANDHRA PRADESH,554,Chittoor,5424,Venkatagirikota,0,Venkatagirikota
1410,28,ANDHRA PRADESH,554,Chittoor,5425,Santhipuram,0,Santhipuram
1411,28,ANDHRA PRADESH,554,Chittoor,5426,Gudupalle,0,Gudupalle
1412,28,ANDHRA PRADESH,554,Chittoor,5427,Kuppam,0,Kuppam
1413,28,ANDHRA PRADESH,554,Chittoor,5428,Ramakuppam,0,Ramakuppam
1414,28,ANDHRA PRADESH,554,Chittoor,5429,Bangarupalem,0,Bangarupalem
1415,28,ANDHRA PRADESH,554,Chittoor,5430,Yadamarri,0,Yadamarri
1416,28,ANDHRA PRADESH,554,Chittoor,5431,Gudipala,0,Gudipala
1417,28,ANDHRA PRADESH,554,Chittoor,5432,Palasamudram,0,Palasamudram
