,ST Code,STATE NAME,DT Code,DISTRICT NAME,SDT Code,SUB-DISTRICT NAME,Town Code,Area Name
0,12,ARUNACHAL PRADESH,0,ARUNACHAL PRADESH,0,ARUNACHAL PRADESH,0,ARUNACHAL PRADESH
1,12,ARUNACHAL PRADESH,245,Tawang,0,Tawang,0,Tawang
2,12,ARUNACHAL PRADESH,245,Tawang,1556,Zemithang,0,Zemithang
3,12,ARUNACHAL PRADESH,245,Tawang,1557,Lumla,0,Lumla
4,12,ARUNACHAL PRADESH,245,Tawang,1558,Dudunghar,0,Dudunghar
5,12,ARUNACHAL PRADESH,245,Tawang,1559,Tawang,0,Tawang
6,12,ARUNACHAL PRADESH,245,Tawang,1559,Tawang,801424,Tawang (NT)
7,12,ARUNACHAL PRADESH,245,Tawang,1560,Kitpi,0,Kitpi
8,12,ARUNACHAL PRADESH,245,Tawang,1561,Jang,0,Jang
9,12,ARUNACHAL PRADESH,245,Tawang,1562,Lhou ,0,Lhou 
10,12,ARUNACHAL PRADESH,245,Tawang,1563,Mukto,0,Mukto
11,12,ARUNACHAL PRADESH,245,Tawang,1564,Bongkhar ,0,Bongkhar 
12,12,ARUNACHAL PRADESH,245,Tawang,1565,Thingbu,0,Thingbu
13,12,ARUNACHAL PRADESH,246,West Kameng,0,West Kameng,0,West Kameng
14,12,ARUNACHAL PRADESH,246,West Kameng,1566,Dirang ,0,Dirang 
15,12,ARUNACHAL PRADESH,246,West Kameng,1566,Dirang ,801425,Dirang (NT)
16,12,ARUNACHAL PRADESH,246,West Kameng,1567,Thembang ,0,Thembang 
17,12,ARUNACHAL PRADESH,246,West Kameng,1568,Nafra ,0,Nafra 
18,12,ARUNACHAL PRADESH,246,West Kameng,1569,Bomdila,0,Bomdila
19,12,ARUNACHAL PRADESH,246,West Kameng,1569,Bomdila,801426,Bomdila (NT)
20,12,ARUNACHAL PRADESH,246,West Kameng,1570,Kalaktang ,0,Kalaktang 
21,12,ARUNACHAL PRADESH,246,West Kameng,1571,Shergaon ,0,Shergaon 
22,12,ARUNACHAL PRADESH,246,West Kameng,1572,Rupa ,0,Rupa 
23,12,ARUNACHAL PRADESH,246,West Kameng,1573,Singchung ,0,Singchung 
24,12,ARUNACHAL PRADESH,246,West Kameng,1574,Jamiri ,0,Jamiri 
25,12,ARUNACHAL PRADESH,246,West Kameng,1575,Thrizino ,0,Thrizino 
26,12,ARUNACHAL PRADESH,246,West Kameng,1576,Bhalukpong,0,Bhalukpong
27,12,ARUNACHAL PRADESH,246,West Kameng,1577,Kamengbari-Doimara,0,Kamengbari-Doimara
28,12,ARUNACHAL PRADESH,246,West Kameng,1578,Balemu ,0,Balemu 
29,12,ARUNACHAL PRADESH,247,East Kameng,0,East Kameng,0,East Kameng
30,12,ARUNACHAL PRADESH,247,East Kameng,1579,Seijosa ,0,Seijosa 
31,12,ARUNACHAL PRADESH,247,East Kameng,1580,Dissing-Passo ,0,Dissing-Passo 
32,12,ARUNACHAL PRADESH,247,East Kameng,1581,Pakke-Kessang ,0,Pakke-Kessang 
33,12,ARUNACHAL PRADESH,247,East Kameng,1582,Pizirang(Veo),0,Pizirang(Veo)
34,12,ARUNACHAL PRADESH,247,East Kameng,1583,Richukrong,0,Richukrong
35,12,ARUNACHAL PRADESH,247,East Kameng,1584,Seppa ,0,Seppa 
36,12,ARUNACHAL PRADESH,247,East Kameng,1584,Seppa ,801427,Seppa (NT)
37,12,ARUNACHAL PRADESH,247,East Kameng,1585,Lada ,0,Lada 
38,12,ARUNACHAL PRADESH,247,East Kameng,1586,Bameng ,0,Bameng 
39,12,ARUNACHAL PRADESH,247,East Kameng,1587,Pipu-Dipu ,0,Pipu-Dipu 
40,12,ARUNACHAL PRADESH,247,East Kameng,1588,Gyawe Purang ,0,Gyawe Purang 
41,12,ARUNACHAL PRADESH,247,East Kameng,1589,Khenewa ,0,Khenewa 
42,12,ARUNACHAL PRADESH,247,East Kameng,1590,Chayangtajo ,0,Chayangtajo 
43,12,ARUNACHAL PRADESH,247,East Kameng,1591,Sawa ,0,Sawa 
44,12,ARUNACHAL PRADESH,248,Papum Pare,0,Papum Pare,0,Papum Pare
45,12,ARUNACHAL PRADESH,248,Papum Pare,1592,Balijan,0,Balijan
46,12,ARUNACHAL PRADESH,248,Papum Pare,1593,Banderdawa ,0,Banderdawa 
47,12,ARUNACHAL PRADESH,248,Papum Pare,1594,Sangdupota (Besar Nello),0,Sangdupota (Besar Nello)
48,12,ARUNACHAL PRADESH,248,Papum Pare,1595,Taraso ,0,Taraso 
49,12,ARUNACHAL PRADESH,248,Papum Pare,1596,Itanagar ,0,Itanagar 
50,12,ARUNACHAL PRADESH,248,Papum Pare,1596,Itanagar ,801428,Itanagar (NT)
51,12,ARUNACHAL PRADESH,248,Papum Pare,1597,Naharlagun ,0,Naharlagun 
52,12,ARUNACHAL PRADESH,248,Papum Pare,1597,Naharlagun ,801429,Naharlagun (NT)
53,12,ARUNACHAL PRADESH,248,Papum Pare,1598,Doimukh ,0,Doimukh 
54,12,ARUNACHAL PRADESH,248,Papum Pare,1599,Gumto ,0,Gumto 
55,12,ARUNACHAL PRADESH,248,Papum Pare,1600,Toru,0,Toru
56,12,ARUNACHAL PRADESH,248,Papum Pare,1601,Sagalee,0,Sagalee
57,12,ARUNACHAL PRADESH,248,Papum Pare,1601,Sagalee,801430,Sagalee (NT)
58,12,ARUNACHAL PRADESH,248,Papum Pare,1602,Parang ,0,Parang 
59,12,ARUNACHAL PRADESH,248,Papum Pare,1603,Leporiang,0,Leporiang
60,12,ARUNACHAL PRADESH,248,Papum Pare,1604,Mengio,0,Mengio
61,12,ARUNACHAL PRADESH,248,Papum Pare,1605,Kimin ,0,Kimin 
62,12,ARUNACHAL PRADESH,248,Papum Pare,1606,Kakoi,0,Kakoi
63,12,ARUNACHAL PRADESH,249,Upper Subansiri,0,Upper Subansiri,0,Upper Subansiri
64,12,ARUNACHAL PRADESH,249,Upper Subansiri,1607,Taksing,0,Taksing
65,12,ARUNACHAL PRADESH,249,Upper Subansiri,1608,Limeking ,0,Limeking 
66,12,ARUNACHAL PRADESH,249,Upper Subansiri,1609,Nacho ,0,Nacho 
67,12,ARUNACHAL PRADESH,249,Upper Subansiri,1610,Siyum ,0,Siyum 
68,12,ARUNACHAL PRADESH,249,Upper Subansiri,1611,Taliha ,0,Taliha 
69,12,ARUNACHAL PRADESH,249,Upper Subansiri,1612,Payeng ,0,Payeng 
70,12,ARUNACHAL PRADESH,249,Upper Subansiri,1613,Giba,0,Giba
71,12,ARUNACHAL PRADESH,249,Upper Subansiri,1614,Chetam (Peer Yapu),0,Chetam (Peer Yapu)
72,12,ARUNACHAL PRADESH,249,Upper Subansiri,1615,Daporijo ,0,Daporijo 
73,12,ARUNACHAL PRADESH,249,Upper Subansiri,1615,Daporijo ,801431,Daporijo (NT)
74,12,ARUNACHAL PRADESH,249,Upper Subansiri,1616,Puchi Geko ,0,Puchi Geko 
75,12,ARUNACHAL PRADESH,249,Upper Subansiri,1617,Dumporijo ,0,Dumporijo 
76,12,ARUNACHAL PRADESH,249,Upper Subansiri,1618,Gussar ,0,Gussar 
77,12,ARUNACHAL PRADESH,249,Upper Subansiri,1619,Gite-Ripa ,0,Gite-Ripa 
78,12,ARUNACHAL PRADESH,249,Upper Subansiri,1620,Baririjo ,0,Baririjo 
79,12,ARUNACHAL PRADESH,249,Upper Subansiri,1621,Maro ,0,Maro 
80,12,ARUNACHAL PRADESH,250,West Siang,0,West Siang,0,West Siang
81,12,ARUNACHAL PRADESH,250,West Siang,1622,Mechuka,0,Mechuka
82,12,ARUNACHAL PRADESH,250,West Siang,1623,Monigong ,0,Monigong 
83,12,ARUNACHAL PRADESH,250,West Siang,1624,Pidi,0,Pidi
84,12,ARUNACHAL PRADESH,250,West Siang,1625,Payum ,0,Payum 
85,12,ARUNACHAL PRADESH,250,West Siang,1626,Tato ,0,Tato 
86,12,ARUNACHAL PRADESH,250,West Siang,1627,Kaying ,0,Kaying 
87,12,ARUNACHAL PRADESH,250,West Siang,1628,Darak ,0,Darak 
88,12,ARUNACHAL PRADESH,250,West Siang,1629,Kamba,0,Kamba
89,12,ARUNACHAL PRADESH,250,West Siang,1630,Rumgong,0,Rumgong
90,12,ARUNACHAL PRADESH,250,West Siang,1631,Jomlo Mobuk ,0,Jomlo Mobuk 
91,12,ARUNACHAL PRADESH,250,West Siang,1632,Liromoba ,0,Liromoba 
92,12,ARUNACHAL PRADESH,250,West Siang,1633,Yomcha,0,Yomcha
93,12,ARUNACHAL PRADESH,250,West Siang,1634,Aalo ,0,Aalo 
94,12,ARUNACHAL PRADESH,250,West Siang,1634,Aalo ,801432,Aalo (NT)
95,12,ARUNACHAL PRADESH,250,West Siang,1635,Tirbin,0,Tirbin
96,12,ARUNACHAL PRADESH,250,West Siang,1636,Basar ,0,Basar 
97,12,ARUNACHAL PRADESH,250,West Siang,1636,Basar ,801433,Basar (NT)
98,12,ARUNACHAL PRADESH,250,West Siang,1637,Daring ,0,Daring 
99,12,ARUNACHAL PRADESH,250,West Siang,1638,Gensi ,0,Gensi 
100,12,ARUNACHAL PRADESH,250,West Siang,1639,Sibe ,0,Sibe 
101,12,ARUNACHAL PRADESH,250,West Siang,1640,Likabali ,0,Likabali 
102,12,ARUNACHAL PRADESH,250,West Siang,1641,Kangku ,0,Kangku 
103,12,ARUNACHAL PRADESH,250,West Siang,1642,Bagra ,0,Bagra 
104,12,ARUNACHAL PRADESH,251,East Siang,0,East Siang,0,East Siang
105,12,ARUNACHAL PRADESH,251,East Siang,1643,Boleng ,0,Boleng 
106,12,ARUNACHAL PRADESH,251,East Siang,1643,Boleng ,801434,Boleng (NT)
107,12,ARUNACHAL PRADESH,251,East Siang,1644,Riga,0,Riga
108,12,ARUNACHAL PRADESH,251,East Siang,1645,Pangin,0,Pangin
109,12,ARUNACHAL PRADESH,251,East Siang,1646,Kebang ,0,Kebang 
110,12,ARUNACHAL PRADESH,251,East Siang,1647,Rebo-Perging ,0,Rebo-Perging 
111,12,ARUNACHAL PRADESH,251,East Siang,1648,Koyu ,0,Koyu 
112,12,ARUNACHAL PRADESH,251,East Siang,1649,Kora ,0,Kora 
113,12,ARUNACHAL PRADESH,251,East Siang,1650,Nari ,0,Nari 
114,12,ARUNACHAL PRADESH,251,East Siang,1651,New Seren ,0,New Seren 
115,12,ARUNACHAL PRADESH,251,East Siang,1652,Bilat ,0,Bilat 
116,12,ARUNACHAL PRADESH,251,East Siang,1653,Ruksin ,0,Ruksin 
117,12,ARUNACHAL PRADESH,251,East Siang,1654,Sille-Oyan,0,Sille-Oyan
118,12,ARUNACHAL PRADESH,251,East Siang,1655,Pasighat ,0,Pasighat 
119,12,ARUNACHAL PRADESH,251,East Siang,1655,Pasighat ,801435,Pasighat (NT)
120,12,ARUNACHAL PRADESH,251,East Siang,1656,Mebo ,0,Mebo 
121,12,ARUNACHAL PRADESH,251,East Siang,1657,Namsing ,0,Namsing 
122,12,ARUNACHAL PRADESH,252,Upper Siang,0,Upper Siang,0,Upper Siang
123,12,ARUNACHAL PRADESH,252,Upper Siang,1658,Tuting,0,Tuting
124,12,ARUNACHAL PRADESH,252,Upper Siang,1659,Migging,0,Migging
125,12,ARUNACHAL PRADESH,252,Upper Siang,1660,Palling,0,Palling
126,12,ARUNACHAL PRADESH,252,Upper Siang,1661,Gelling,0,Gelling
127,12,ARUNACHAL PRADESH,252,Upper Siang,1662,Singa,0,Singa
128,12,ARUNACHAL PRADESH,252,Upper Siang,1663,Yingkiong,0,Yingkiong
129,12,ARUNACHAL PRADESH,252,Upper Siang,1663,Yingkiong,801436,Yingkiong (NT)
130,12,ARUNACHAL PRADESH,252,Upper Siang,1664,Jengging,0,Jengging
131,12,ARUNACHAL PRADESH,252,Upper Siang,1665,Geku,0,Geku
132,12,ARUNACHAL PRADESH,252,Upper Siang,1666,Mariyang,0,Mariyang
133,12,ARUNACHAL PRADESH,252,Upper Siang,1667,Mopom ( Adipasi ),0,Mopom ( Adipasi )
134,12,ARUNACHAL PRADESH,252,Upper Siang,1668,Katan ,0,Katan 
135,12,ARUNACHAL PRADESH,253,Changlang,0,Changlang,0,Changlang
136,12,ARUNACHAL PRADESH,253,Changlang,1669,Khimiyong,0,Khimiyong
137,12,ARUNACHAL PRADESH,253,Changlang,1670,Yatdam,0,Yatdam
138,12,ARUNACHAL PRADESH,253,Changlang,1671,Changlang,0,Changlang
139,12,ARUNACHAL PRADESH,253,Changlang,1671,Changlang,801437,Changlang (NT)
140,12,ARUNACHAL PRADESH,253,Changlang,1672,Namtok,0,Namtok
141,12,ARUNACHAL PRADESH,253,Changlang,1673,Manmao,0,Manmao
142,12,ARUNACHAL PRADESH,253,Changlang,1674,Renuk,0,Renuk
143,12,ARUNACHAL PRADESH,253,Changlang,1675,Lyngok-Longtoi,0,Lyngok-Longtoi
144,12,ARUNACHAL PRADESH,253,Changlang,1676,Nampong,0,Nampong
145,12,ARUNACHAL PRADESH,253,Changlang,1677,Tikhak Rima Putok,0,Tikhak Rima Putok
146,12,ARUNACHAL PRADESH,253,Changlang,1678,Jairampur,0,Jairampur
147,12,ARUNACHAL PRADESH,253,Changlang,1678,Jairampur,801438,Jairampur (NT)
148,12,ARUNACHAL PRADESH,253,Changlang,1679,Vijoynagar,0,Vijoynagar
149,12,ARUNACHAL PRADESH,253,Changlang,1680,Miao,0,Miao
150,12,ARUNACHAL PRADESH,253,Changlang,1680,Miao,801439,Miao (NT)
151,12,ARUNACHAL PRADESH,253,Changlang,1681,Kharsang,0,Kharsang
152,12,ARUNACHAL PRADESH,253,Changlang,1682,Diyun,0,Diyun
153,12,ARUNACHAL PRADESH,253,Changlang,1683,Bordumsa,0,Bordumsa
154,12,ARUNACHAL PRADESH,254,Tirap,0,Tirap,0,Tirap
155,12,ARUNACHAL PRADESH,254,Tirap,1684,Namsang,0,Namsang
156,12,ARUNACHAL PRADESH,254,Tirap,1684,Namsang,801440,Deomali (NT)
157,12,ARUNACHAL PRADESH,254,Tirap,1685,Soha,0,Soha
158,12,ARUNACHAL PRADESH,254,Tirap,1686,Khonsa,0,Khonsa
159,12,ARUNACHAL PRADESH,254,Tirap,1686,Khonsa,801441,Khonsa (NT)
160,12,ARUNACHAL PRADESH,254,Tirap,1687,Dadam,0,Dadam
161,12,ARUNACHAL PRADESH,254,Tirap,1688,Kanubari,0,Kanubari
162,12,ARUNACHAL PRADESH,254,Tirap,1689,Lawnu,0,Lawnu
163,12,ARUNACHAL PRADESH,254,Tirap,1690,Longding,0,Longding
164,12,ARUNACHAL PRADESH,254,Tirap,1690,Longding,801442,Longding
165,12,ARUNACHAL PRADESH,254,Tirap,1691,Pumao,0,Pumao
166,12,ARUNACHAL PRADESH,254,Tirap,1692,Pangchao,0,Pangchao
167,12,ARUNACHAL PRADESH,254,Tirap,1693,Wakka,0,Wakka
168,12,ARUNACHAL PRADESH,254,Tirap,1694,Laju,0,Laju
169,12,ARUNACHAL PRADESH,255,Lower Subansiri,0,Lower Subansiri,0,Lower Subansiri
170,12,ARUNACHAL PRADESH,255,Lower Subansiri,1695,Ziro (Sadar) ,0,Ziro (Sadar) 
171,12,ARUNACHAL PRADESH,255,Lower Subansiri,1695,Ziro (Sadar) ,801443,Ziro (NT)
172,12,ARUNACHAL PRADESH,255,Lower Subansiri,1696,Old Ziro ,0,Old Ziro 
173,12,ARUNACHAL PRADESH,255,Lower Subansiri,1697,Yachuli,0,Yachuli
174,12,ARUNACHAL PRADESH,255,Lower Subansiri,1698,Yazali ,0,Yazali 
175,12,ARUNACHAL PRADESH,255,Lower Subansiri,1699,Pistana ,0,Pistana 
176,12,ARUNACHAL PRADESH,255,Lower Subansiri,1700,Kamporijo ,0,Kamporijo 
177,12,ARUNACHAL PRADESH,255,Lower Subansiri,1701,Dollungmukh ,0,Dollungmukh 
178,12,ARUNACHAL PRADESH,255,Lower Subansiri,1702,Raga ,0,Raga 
179,12,ARUNACHAL PRADESH,256,Kurung Kumey,0,Kurung Kumey,0,Kurung Kumey
180,12,ARUNACHAL PRADESH,256,Kurung Kumey,1703,Palin ,0,Palin 
181,12,ARUNACHAL PRADESH,256,Kurung Kumey,1704,Yangte,0,Yangte
182,12,ARUNACHAL PRADESH,256,Kurung Kumey,1705,Sangram ,0,Sangram 
183,12,ARUNACHAL PRADESH,256,Kurung Kumey,1706,Nyapin ,0,Nyapin 
184,12,ARUNACHAL PRADESH,256,Kurung Kumey,1707,Phassang ,0,Phassang 
185,12,ARUNACHAL PRADESH,256,Kurung Kumey,1708,Koloriang ,0,Koloriang 
186,12,ARUNACHAL PRADESH,256,Kurung Kumey,1708,Koloriang ,801444,Koloriang (NT)
187,12,ARUNACHAL PRADESH,256,Kurung Kumey,1709,Chambang,0,Chambang
188,12,ARUNACHAL PRADESH,256,Kurung Kumey,1710,Gangte ,0,Gangte 
189,12,ARUNACHAL PRADESH,256,Kurung Kumey,1711,Tarak-Lengdi,0,Tarak-Lengdi
190,12,ARUNACHAL PRADESH,256,Kurung Kumey,1712,Sarli,0,Sarli
191,12,ARUNACHAL PRADESH,256,Kurung Kumey,1713,Parsi-Parlo,0,Parsi-Parlo
192,12,ARUNACHAL PRADESH,256,Kurung Kumey,1714,Damin,0,Damin
193,12,ARUNACHAL PRADESH,256,Kurung Kumey,1715,Longding Koling (Pipsorang) ,0,Longding Koling (Pipsorang) 
194,12,ARUNACHAL PRADESH,256,Kurung Kumey,1716,Tali ,0,Tali 
195,12,ARUNACHAL PRADESH,257,Dibang Valley,0,Dibang Valley,0,Dibang Valley
196,12,ARUNACHAL PRADESH,257,Dibang Valley,1717,Mipi,0,Mipi
197,12,ARUNACHAL PRADESH,257,Dibang Valley,1718,Anini ,0,Anini 
198,12,ARUNACHAL PRADESH,257,Dibang Valley,1718,Anini ,801445,Anini (NT)
199,12,ARUNACHAL PRADESH,257,Dibang Valley,1719,Etalin,0,Etalin
200,12,ARUNACHAL PRADESH,257,Dibang Valley,1720,Anelih,0,Anelih
201,12,ARUNACHAL PRADESH,257,Dibang Valley,1721,Kronli (Arzoo circle),0,Kronli (Arzoo circle)
202,12,ARUNACHAL PRADESH,258,Lower Dibang Valley,0,Lower Dibang Valley,0,Lower Dibang Valley
203,12,ARUNACHAL PRADESH,258,Lower Dibang Valley,1722,Hunli,0,Hunli
204,12,ARUNACHAL PRADESH,258,Lower Dibang Valley,1723,Desali,0,Desali
205,12,ARUNACHAL PRADESH,258,Lower Dibang Valley,1724,Roing,0,Roing
206,12,ARUNACHAL PRADESH,258,Lower Dibang Valley,1724,Roing,801446,Roing (NT)
207,12,ARUNACHAL PRADESH,258,Lower Dibang Valley,1725,Dambuk,0,Dambuk
208,12,ARUNACHAL PRADESH,258,Lower Dibang Valley,1726,Tinali ( Paglam ),0,Tinali ( Paglam )
209,12,ARUNACHAL PRADESH,258,Lower Dibang Valley,1727,Koronu,0,Koronu
210,12,ARUNACHAL PRADESH,259,Lohit,0,Lohit,0,Lohit
211,12,ARUNACHAL PRADESH,259,Lohit,1728,Sunpura,0,Sunpura
212,12,ARUNACHAL PRADESH,259,Lohit,1729,Tezu,0,Tezu
213,12,ARUNACHAL PRADESH,259,Lohit,1729,Tezu,801447,Tezu (NT)
214,12,ARUNACHAL PRADESH,259,Lohit,1730,Wakro,0,Wakro
215,12,ARUNACHAL PRADESH,259,Lohit,1731,Chongkham,0,Chongkham
216,12,ARUNACHAL PRADESH,259,Lohit,1732,Namsai,0,Namsai
217,12,ARUNACHAL PRADESH,259,Lohit,1732,Namsai,801448,Namsai (NT)
218,12,ARUNACHAL PRADESH,259,Lohit,1733,Lathao,0,Lathao
219,12,ARUNACHAL PRADESH,259,Lohit,1734,Piyong,0,Piyong
220,12,ARUNACHAL PRADESH,259,Lohit,1735,Lekang (Mahadevpur),0,Lekang (Mahadevpur)
221,12,ARUNACHAL PRADESH,260,Anjaw,0,Anjaw,0,Anjaw
222,12,ARUNACHAL PRADESH,260,Anjaw,1736,Hayuliang,0,Hayuliang
223,12,ARUNACHAL PRADESH,260,Anjaw,1737,Manchal,0,Manchal
224,12,ARUNACHAL PRADESH,260,Anjaw,1738,Goiliang,0,Goiliang
225,12,ARUNACHAL PRADESH,260,Anjaw,1739,Chaglagam,0,Chaglagam
226,12,ARUNACHAL PRADESH,260,Anjaw,1740,Metengliang,0,Metengliang
227,12,ARUNACHAL PRADESH,260,Anjaw,1741,Kibithoo,0,Kibithoo
228,12,ARUNACHAL PRADESH,260,Anjaw,1742,Walong,0,Walong
229,12,ARUNACHAL PRADESH,260,Anjaw,1743,Hawai,0,Hawai
230,12,ARUNACHAL PRADESH,260,Anjaw,1743,Hawai,801449,Hawai (NT)
