,ST Code,STATE NAME,DT Code,DISTRICT NAME,SDT Code,SUB-DISTRICT NAME,Town Code,Area Name
0,2,HIMACHAL PRADESH,0,HIMACHAL PRADESH,0,HIMACHAL PRADESH,0,HIMACHAL PRADESH
1,2,HIMACHAL PRADESH,23,Chamba,0,Chamba,0,Chamba
2,2,HIMACHAL PRADESH,23,Chamba,83,Pangi,0,Pangi
3,2,HIMACHAL PRADESH,23,Chamba,84,Chaurah,0,Chaurah
4,2,HIMACHAL PRADESH,23,Chamba,85,Saluni,0,Saluni
5,2,HIMACHAL PRADESH,23,Chamba,86,Bhalai,0,Bhalai
6,2,HIMACHAL PRADESH,23,Chamba,87,Dalhousie,0,Dalhousie
7,2,HIMACHAL PRADESH,23,Chamba,87,Dalhousie,800087,Dalhousie (CB)
8,2,HIMACHAL PRADESH,23,Chamba,87,Dalhousie,800088,Dalhousie (M Cl)
9,2,HIMACHAL PRADESH,23,Chamba,88,Bhattiyat,0,Bhattiyat
10,2,HIMACHAL PRADESH,23,Chamba,88,Bhattiyat,800089,Bakloh (CB)
11,2,HIMACHAL PRADESH,23,Chamba,88,Bhattiyat,800090,Chuari Khas (NP)
12,2,HIMACHAL PRADESH,23,Chamba,89,Sihunta,0,Sihunta
13,2,HIMACHAL PRADESH,23,Chamba,90,Chamba,0,Chamba
14,2,HIMACHAL PRADESH,23,Chamba,90,Chamba,800091,Chamba (M Cl)
15,2,HIMACHAL PRADESH,23,Chamba,91,Holi,0,Holi
16,2,HIMACHAL PRADESH,23,Chamba,92,Brahmaur,0,Brahmaur
17,2,HIMACHAL PRADESH,24,Kangra,0,Kangra,0,Kangra
18,2,HIMACHAL PRADESH,24,Kangra,93,Nurpur,0,Nurpur
19,2,HIMACHAL PRADESH,24,Kangra,93,Nurpur,800092,Nurpur (M Cl)
20,2,HIMACHAL PRADESH,24,Kangra,94,Indora,0,Indora
21,2,HIMACHAL PRADESH,24,Kangra,95,Fatehpur,0,Fatehpur
22,2,HIMACHAL PRADESH,24,Kangra,96,Jawali,0,Jawali
23,2,HIMACHAL PRADESH,24,Kangra,97,Harchakian,0,Harchakian
24,2,HIMACHAL PRADESH,24,Kangra,98,Shahpur,0,Shahpur
25,2,HIMACHAL PRADESH,24,Kangra,99,Dharmsala,0,Dharmsala
26,2,HIMACHAL PRADESH,24,Kangra,99,Dharmsala,800093,Dharmsala (M Cl + OG)
27,2,HIMACHAL PRADESH,24,Kangra,99,Dharmsala,800093,Dharmsala (M Cl)
28,2,HIMACHAL PRADESH,24,Kangra,99,Dharmsala,800094,Yol (CB)
29,2,HIMACHAL PRADESH,24,Kangra,100,Kangra,0,Kangra
30,2,HIMACHAL PRADESH,24,Kangra,100,Kangra,800095,Kangra (M Cl)
31,2,HIMACHAL PRADESH,24,Kangra,101,Nagrota Bagwan,0,Nagrota Bagwan
32,2,HIMACHAL PRADESH,24,Kangra,101,Nagrota Bagwan,800096,Nagrota Bagwan (M Cl)
33,2,HIMACHAL PRADESH,24,Kangra,102,Baroh,0,Baroh
34,2,HIMACHAL PRADESH,24,Kangra,103,Dera Gopipur,0,Dera Gopipur
35,2,HIMACHAL PRADESH,24,Kangra,103,Dera Gopipur,800097,Dera Gopipur (NP)
36,2,HIMACHAL PRADESH,24,Kangra,104,Jawalamukhi,0,Jawalamukhi
37,2,HIMACHAL PRADESH,24,Kangra,104,Jawalamukhi,800098,Jawalamukhi (NP)
38,2,HIMACHAL PRADESH,24,Kangra,105,Jaswan,0,Jaswan
39,2,HIMACHAL PRADESH,24,Kangra,106,Rakkar,0,Rakkar
40,2,HIMACHAL PRADESH,24,Kangra,107,Khundian,0,Khundian
41,2,HIMACHAL PRADESH,24,Kangra,108,Thural,0,Thural
42,2,HIMACHAL PRADESH,24,Kangra,109,Dhira,0,Dhira
43,2,HIMACHAL PRADESH,24,Kangra,110,Jaisinghpur,0,Jaisinghpur
44,2,HIMACHAL PRADESH,24,Kangra,111,Palampur,0,Palampur
45,2,HIMACHAL PRADESH,24,Kangra,111,Palampur,800099,Palampur (M Cl)
46,2,HIMACHAL PRADESH,24,Kangra,112,Baijnath,0,Baijnath
47,2,HIMACHAL PRADESH,24,Kangra,113,Multhan,0,Multhan
48,2,HIMACHAL PRADESH,25,Lahul & Spiti,0,Lahul & Spiti,0,Lahul & Spiti
49,2,HIMACHAL PRADESH,25,Lahul & Spiti,114,Udaipur,0,Udaipur
50,2,HIMACHAL PRADESH,25,Lahul & Spiti,115,Lahul,0,Lahul
51,2,HIMACHAL PRADESH,25,Lahul & Spiti,116,Spiti,0,Spiti
52,2,HIMACHAL PRADESH,26,Kullu,0,Kullu,0,Kullu
53,2,HIMACHAL PRADESH,26,Kullu,117,Manali,0,Manali
54,2,HIMACHAL PRADESH,26,Kullu,117,Manali,800100,Manali (M Cl)
55,2,HIMACHAL PRADESH,26,Kullu,118,Kullu,0,Kullu
56,2,HIMACHAL PRADESH,26,Kullu,118,Kullu,800101,Kullu (M Cl)
57,2,HIMACHAL PRADESH,26,Kullu,118,Kullu,800102,Bhuntar (NP)
58,2,HIMACHAL PRADESH,26,Kullu,119,Sainj,0,Sainj
59,2,HIMACHAL PRADESH,26,Kullu,120,Banjar,0,Banjar
60,2,HIMACHAL PRADESH,26,Kullu,120,Banjar,800103,Banjar (NP)
61,2,HIMACHAL PRADESH,26,Kullu,121,Ani,0,Ani
62,2,HIMACHAL PRADESH,26,Kullu,122,Nermand,0,Nermand
63,2,HIMACHAL PRADESH,27,Mandi,0,Mandi,0,Mandi
64,2,HIMACHAL PRADESH,27,Mandi,123,Padhar,0,Padhar
65,2,HIMACHAL PRADESH,27,Mandi,124,Jogindarnagar,0,Jogindarnagar
66,2,HIMACHAL PRADESH,27,Mandi,124,Jogindarnagar,800104,Jogindarnagar (NP)
67,2,HIMACHAL PRADESH,27,Mandi,125,Lad Bharol,0,Lad Bharol
68,2,HIMACHAL PRADESH,27,Mandi,126,Sandhol,0,Sandhol
69,2,HIMACHAL PRADESH,27,Mandi,127,Dharmpur,0,Dharmpur
70,2,HIMACHAL PRADESH,27,Mandi,128,Kotli,0,Kotli
71,2,HIMACHAL PRADESH,27,Mandi,129,Sarkaghat,0,Sarkaghat
72,2,HIMACHAL PRADESH,27,Mandi,129,Sarkaghat,800105,Sarkaghat (NP)
73,2,HIMACHAL PRADESH,27,Mandi,130,Bhadrota,0,Bhadrota
74,2,HIMACHAL PRADESH,27,Mandi,131,Baldwara,0,Baldwara
75,2,HIMACHAL PRADESH,27,Mandi,132,Sundarnagar,0,Sundarnagar
76,2,HIMACHAL PRADESH,27,Mandi,132,Sundarnagar,800106,Sundarnagar (M Cl)
77,2,HIMACHAL PRADESH,27,Mandi,133,Mandi,0,Mandi
78,2,HIMACHAL PRADESH,27,Mandi,133,Mandi,800107,Mandi (M Cl)
79,2,HIMACHAL PRADESH,27,Mandi,133,Mandi,800108,Rawalsar (NP)
80,2,HIMACHAL PRADESH,27,Mandi,134,Aut,0,Aut
81,2,HIMACHAL PRADESH,27,Mandi,135,Bali Chowki,0,Bali Chowki
82,2,HIMACHAL PRADESH,27,Mandi,136,Thunag,0,Thunag
83,2,HIMACHAL PRADESH,27,Mandi,137,Chachyot,0,Chachyot
84,2,HIMACHAL PRADESH,27,Mandi,138,Nihri,0,Nihri
85,2,HIMACHAL PRADESH,27,Mandi,139,Karsog,0,Karsog
86,2,HIMACHAL PRADESH,28,Hamirpur,0,Hamirpur,0,Hamirpur
87,2,HIMACHAL PRADESH,28,Hamirpur,140,Tira Sujanpur,0,Tira Sujanpur
88,2,HIMACHAL PRADESH,28,Hamirpur,140,Tira Sujanpur,800109,Tira Sujanpur (NP)
89,2,HIMACHAL PRADESH,28,Hamirpur,141,Nadaun,0,Nadaun
90,2,HIMACHAL PRADESH,28,Hamirpur,141,Nadaun,800110,Nadaun (NP)
91,2,HIMACHAL PRADESH,28,Hamirpur,142,Galore,0,Galore
92,2,HIMACHAL PRADESH,28,Hamirpur,143,Hamirpur,0,Hamirpur
93,2,HIMACHAL PRADESH,28,Hamirpur,143,Hamirpur,800111,Hamirpur (M Cl)
94,2,HIMACHAL PRADESH,28,Hamirpur,144,Barsar,0,Barsar
95,2,HIMACHAL PRADESH,28,Hamirpur,144,Barsar,800112,Bhota (NP)
96,2,HIMACHAL PRADESH,28,Hamirpur,145,Dhatwal,0,Dhatwal
97,2,HIMACHAL PRADESH,28,Hamirpur,146,Bhoranj,0,Bhoranj
98,2,HIMACHAL PRADESH,29,Una,0,Una,0,Una
99,2,HIMACHAL PRADESH,29,Una,147,Bharwain,0,Bharwain
100,2,HIMACHAL PRADESH,29,Una,148,Amb,0,Amb
101,2,HIMACHAL PRADESH,29,Una,148,Amb,800113,Daulatpur (NP)
102,2,HIMACHAL PRADESH,29,Una,148,Amb,800114,Gagret (NP)
103,2,HIMACHAL PRADESH,29,Una,149,Bangana,0,Bangana
104,2,HIMACHAL PRADESH,29,Una,150,Una,0,Una
105,2,HIMACHAL PRADESH,29,Una,150,Una,800115,Una (M Cl)
106,2,HIMACHAL PRADESH,29,Una,150,Una,800116,Mehatpur Basdehra (NP)
107,2,HIMACHAL PRADESH,29,Una,150,Una,800117,Santokhgarh (NP)
108,2,HIMACHAL PRADESH,29,Una,151,Haroli,0,Haroli
109,2,HIMACHAL PRADESH,30,Bilaspur,0,Bilaspur,0,Bilaspur
110,2,HIMACHAL PRADESH,30,Bilaspur,152,Ghumarwin,0,Ghumarwin
111,2,HIMACHAL PRADESH,30,Bilaspur,152,Ghumarwin,800118,Ghumarwin (M Cl)
112,2,HIMACHAL PRADESH,30,Bilaspur,153,Bharari,0,Bharari
113,2,HIMACHAL PRADESH,30,Bilaspur,154,Jhanduta,0,Jhanduta
114,2,HIMACHAL PRADESH,30,Bilaspur,154,Jhanduta,800119,Talai (NP)
115,2,HIMACHAL PRADESH,30,Bilaspur,155,Naina Devi,0,Naina Devi
116,2,HIMACHAL PRADESH,30,Bilaspur,155,Naina Devi,800120,Naina Devi (M Cl)
117,2,HIMACHAL PRADESH,30,Bilaspur,156,Bilaspur Sadar,0,Bilaspur Sadar
118,2,HIMACHAL PRADESH,30,Bilaspur,156,Bilaspur Sadar,800121,Bilaspur (M Cl)
119,2,HIMACHAL PRADESH,30,Bilaspur,157,Namhol,0,Namhol
120,2,HIMACHAL PRADESH,31,Solan,0,Solan,0,Solan
121,2,HIMACHAL PRADESH,31,Solan,158,Arki,0,Arki
122,2,HIMACHAL PRADESH,31,Solan,158,Arki,800122,Arki (NP)
123,2,HIMACHAL PRADESH,31,Solan,159,Darlaghat,0,Darlaghat
124,2,HIMACHAL PRADESH,31,Solan,160,Ramshahr,0,Ramshahr
125,2,HIMACHAL PRADESH,31,Solan,161,Nalagarh,0,Nalagarh
126,2,HIMACHAL PRADESH,31,Solan,161,Nalagarh,800123,Nalagarh (M Cl)
127,2,HIMACHAL PRADESH,31,Solan,162,Baddi,0,Baddi
128,2,HIMACHAL PRADESH,31,Solan,162,Baddi,800124,Baddi (M Cl + OG)
129,2,HIMACHAL PRADESH,31,Solan,162,Baddi,800124,Baddi (M Cl)
130,2,HIMACHAL PRADESH,31,Solan,163,Krishangarh,0,Krishangarh
131,2,HIMACHAL PRADESH,31,Solan,164,Kasauli,0,Kasauli
132,2,HIMACHAL PRADESH,31,Solan,164,Kasauli,800125,Kasauli (CB)
133,2,HIMACHAL PRADESH,31,Solan,164,Kasauli,800126,Parwanoo (M Cl)
134,2,HIMACHAL PRADESH,31,Solan,165,Solan,0,Solan
135,2,HIMACHAL PRADESH,31,Solan,165,Solan,800127,Dagshai (CB)
136,2,HIMACHAL PRADESH,31,Solan,165,Solan,800128,Solan (M Cl)
137,2,HIMACHAL PRADESH,31,Solan,165,Solan,800129,Sabathu (CB)
138,2,HIMACHAL PRADESH,31,Solan,166,Kandaghat,0,Kandaghat
139,2,HIMACHAL PRADESH,32,Sirmaur,0,Sirmaur,0,Sirmaur
140,2,HIMACHAL PRADESH,32,Sirmaur,167,Rajgarh,0,Rajgarh
141,2,HIMACHAL PRADESH,32,Sirmaur,167,Rajgarh,800130,Rajgarh (NP)
142,2,HIMACHAL PRADESH,32,Sirmaur,168,Nohra,0,Nohra
143,2,HIMACHAL PRADESH,32,Sirmaur,169,Pachhad,0,Pachhad
144,2,HIMACHAL PRADESH,32,Sirmaur,170,Renuka,0,Renuka
145,2,HIMACHAL PRADESH,32,Sirmaur,171,Dadahu,0,Dadahu
146,2,HIMACHAL PRADESH,32,Sirmaur,172,Nahan,0,Nahan
147,2,HIMACHAL PRADESH,32,Sirmaur,172,Nahan,800131,Nahan (M Cl)
148,2,HIMACHAL PRADESH,32,Sirmaur,173,Paonta Sahib,0,Paonta Sahib
149,2,HIMACHAL PRADESH,32,Sirmaur,173,Paonta Sahib,800132,Paonta Sahib (M Cl)
150,2,HIMACHAL PRADESH,32,Sirmaur,174,Kamrau,0,Kamrau
151,2,HIMACHAL PRADESH,32,Sirmaur,175,Shalai,0,Shalai
152,2,HIMACHAL PRADESH,32,Sirmaur,176,Ronhat,0,Ronhat
153,2,HIMACHAL PRADESH,33,Shimla,0,Shimla,0,Shimla
154,2,HIMACHAL PRADESH,33,Shimla,177,Rampur,0,Rampur
155,2,HIMACHAL PRADESH,33,Shimla,177,Rampur,800133,Rampur (M Cl)
156,2,HIMACHAL PRADESH,33,Shimla,178,Nankhari,0,Nankhari
157,2,HIMACHAL PRADESH,33,Shimla,179,Kumharsain,0,Kumharsain
158,2,HIMACHAL PRADESH,33,Shimla,179,Kumharsain,800134,Narkanda (NP)
159,2,HIMACHAL PRADESH,33,Shimla,180,Seoni,0,Seoni
160,2,HIMACHAL PRADESH,33,Shimla,180,Seoni,800135,Seoni (NP)
161,2,HIMACHAL PRADESH,33,Shimla,181,Shimla   ( Rural ),0,Shimla   ( Rural )
162,2,HIMACHAL PRADESH,33,Shimla,181,Shimla   ( Rural ),800136,Jutogh (CB)
163,2,HIMACHAL PRADESH,33,Shimla,182,Shimla (urban),0,Shimla (urban)
164,2,HIMACHAL PRADESH,33,Shimla,182,Shimla (urban),800137,Shimla (M Corp.)
165,2,HIMACHAL PRADESH,33,Shimla,183,Junga,0,Junga
166,2,HIMACHAL PRADESH,33,Shimla,184,Theog,0,Theog
167,2,HIMACHAL PRADESH,33,Shimla,184,Theog,800138,Theog (M Cl)
168,2,HIMACHAL PRADESH,33,Shimla,185,Chaupal,0,Chaupal
169,2,HIMACHAL PRADESH,33,Shimla,185,Chaupal,800139,Chaupal (NP) 
170,2,HIMACHAL PRADESH,33,Shimla,186,Cheta,0,Cheta
171,2,HIMACHAL PRADESH,33,Shimla,187,Nerua,0,Nerua
172,2,HIMACHAL PRADESH,33,Shimla,188,Jubbal,0,Jubbal
173,2,HIMACHAL PRADESH,33,Shimla,188,Jubbal,800140,Jubbal (NP)
174,2,HIMACHAL PRADESH,33,Shimla,189,Kotkhai,0,Kotkhai
175,2,HIMACHAL PRADESH,33,Shimla,189,Kotkhai,800141,Kotkhai (NP)
176,2,HIMACHAL PRADESH,33,Shimla,190,Tikar,0,Tikar
177,2,HIMACHAL PRADESH,33,Shimla,191,Rohru,0,Rohru
178,2,HIMACHAL PRADESH,33,Shimla,191,Rohru,800142,Rohru (M Cl)
179,2,HIMACHAL PRADESH,33,Shimla,192,Chirgaon,0,Chirgaon
180,2,HIMACHAL PRADESH,33,Shimla,193,Dodra Kwar,0,Dodra Kwar
181,2,HIMACHAL PRADESH,34,Kinnaur,0,Kinnaur,0,Kinnaur
182,2,HIMACHAL PRADESH,34,Kinnaur,194,Hangrang,0,Hangrang
183,2,HIMACHAL PRADESH,34,Kinnaur,195,Poo,0,Poo
184,2,HIMACHAL PRADESH,34,Kinnaur,196,Morang,0,Morang
185,2,HIMACHAL PRADESH,34,Kinnaur,197,Kalpa,0,Kalpa
186,2,HIMACHAL PRADESH,34,Kinnaur,198,Nichar,0,Nichar
187,2,HIMACHAL PRADESH,34,Kinnaur,199,Sangla,0,Sangla
