,ST Code,STATE NAME,DT Code,DISTRICT NAME,SDT Code,SUB-DISTRICT NAME,Town Code,Area Name
0,23,MADHYA PRADESH,0,MADHYA PRADESH,0,MADHYA PRADESH,0,MADHYA PRADESH
1,23,MADHYA PRADESH,418,Sheopur ,0,Sheopur ,0,Sheopur 
2,23,MADHYA PRADESH,418,Sheopur ,3380,Vijaypur,0,Vijaypur
3,23,MADHYA PRADESH,418,Sheopur ,3380,Vijaypur,802078,Vijaypur (NP)
4,23,MADHYA PRADESH,418,Sheopur ,3381,Beerpur,0,Beerpur
5,23,MADHYA PRADESH,418,Sheopur ,3382,Sheopur,0,Sheopur
6,23,MADHYA PRADESH,418,Sheopur ,3382,Sheopur,802079,Sheopur (M + OG)
7,23,MADHYA PRADESH,418,Sheopur ,3382,Sheopur,802079,Sheopur (M)
8,23,MADHYA PRADESH,418,Sheopur ,3383,Badoda,0,Badoda
9,23,MADHYA PRADESH,418,Sheopur ,3383,Badoda,802080,Badoda (NP)
10,23,MADHYA PRADESH,418,Sheopur ,3384,Karahal,0,Karahal
11,23,MADHYA PRADESH,419,Morena,0,Morena,0,Morena
12,23,MADHYA PRADESH,419,Morena,3385,Ambah,0,Ambah
13,23,MADHYA PRADESH,419,Morena,3385,Ambah,802081,Ambah (M)
14,23,MADHYA PRADESH,419,Morena,3386,Porsa,0,Porsa
15,23,MADHYA PRADESH,419,Morena,3386,Porsa,802082,Porsa (M)
16,23,MADHYA PRADESH,419,Morena,3387,Morena,0,Morena
17,23,MADHYA PRADESH,419,Morena,3387,Morena,802083,Morena (M)
18,23,MADHYA PRADESH,419,Morena,3387,Morena,802084,Bamor (NP)
19,23,MADHYA PRADESH,419,Morena,3388,Joura,0,Joura
20,23,MADHYA PRADESH,419,Morena,3388,Joura,802085,Joura (NP)
21,23,MADHYA PRADESH,419,Morena,3389,Kailaras,0,Kailaras
22,23,MADHYA PRADESH,419,Morena,3389,Kailaras,802086,Kailaras (NP)
23,23,MADHYA PRADESH,419,Morena,3390,Sabalgarh,0,Sabalgarh
24,23,MADHYA PRADESH,419,Morena,3390,Sabalgarh,802087,Jhundpura (NP)
25,23,MADHYA PRADESH,419,Morena,3390,Sabalgarh,802088,Sabalgarh (M)
26,23,MADHYA PRADESH,420,Bhind,0,Bhind,0,Bhind
27,23,MADHYA PRADESH,420,Bhind,3391,Ater,0,Ater
28,23,MADHYA PRADESH,420,Bhind,3392,Bhind,0,Bhind
29,23,MADHYA PRADESH,420,Bhind,3392,Bhind,802089,Phuphkalan (NP)
30,23,MADHYA PRADESH,420,Bhind,3392,Bhind,802090,Bhind (M)
31,23,MADHYA PRADESH,420,Bhind,3392,Bhind,802091,Akoda (NP)
32,23,MADHYA PRADESH,420,Bhind,3393,Mehgaon,0,Mehgaon
33,23,MADHYA PRADESH,420,Bhind,3393,Mehgaon,802092,Mehgaon (NP)
34,23,MADHYA PRADESH,420,Bhind,3394,Gormi,0,Gormi
35,23,MADHYA PRADESH,420,Bhind,3394,Gormi,802093,Gormi (NP)
36,23,MADHYA PRADESH,420,Bhind,3395,Gohad,0,Gohad
37,23,MADHYA PRADESH,420,Bhind,3395,Gohad,802094,Gohad (M)
38,23,MADHYA PRADESH,420,Bhind,3395,Gohad,802095,Mau (NP)
39,23,MADHYA PRADESH,420,Bhind,3396,Ron,0,Ron
40,23,MADHYA PRADESH,420,Bhind,3397,Mihona,0,Mihona
41,23,MADHYA PRADESH,420,Bhind,3397,Mihona,802096,Mihona (NP)
42,23,MADHYA PRADESH,420,Bhind,3398,Lahar,0,Lahar
43,23,MADHYA PRADESH,420,Bhind,3398,Lahar,802097,Lahar (NP)
44,23,MADHYA PRADESH,420,Bhind,3398,Lahar,802098,Alampur (NP)
45,23,MADHYA PRADESH,420,Bhind,3398,Lahar,802099,Daboh (NP)
46,23,MADHYA PRADESH,421,Gwalior,0,Gwalior,0,Gwalior
47,23,MADHYA PRADESH,421,Gwalior,3399,Gwalior (Gird),0,Gwalior (Gird)
48,23,MADHYA PRADESH,421,Gwalior,3399,Gwalior (Gird),802100,Gwalior (M Corp.)
49,23,MADHYA PRADESH,421,Gwalior,3399,Gwalior (Gird),802101,Morar Cantt (CB)
50,23,MADHYA PRADESH,421,Gwalior,3400,Dabra (Pichhore),0,Dabra (Pichhore)
51,23,MADHYA PRADESH,421,Gwalior,3400,Dabra (Pichhore),802102,Bilaua (NP)
52,23,MADHYA PRADESH,421,Gwalior,3400,Dabra (Pichhore),802103,Pichhore (NP)
53,23,MADHYA PRADESH,421,Gwalior,3400,Dabra (Pichhore),802104,Dabra (M)
54,23,MADHYA PRADESH,421,Gwalior,3401,Bhitarwar,0,Bhitarwar
55,23,MADHYA PRADESH,421,Gwalior,3401,Bhitarwar,802105,Bhitarwar (NP)
56,23,MADHYA PRADESH,421,Gwalior,3402,Chinour,0,Chinour
57,23,MADHYA PRADESH,421,Gwalior,3402,Chinour,802106,Antari (NP)
58,23,MADHYA PRADESH,422,Datia,0,Datia,0,Datia
59,23,MADHYA PRADESH,422,Datia,3403,Seondha,0,Seondha
60,23,MADHYA PRADESH,422,Datia,3403,Seondha,802107,Seondha (NP)
61,23,MADHYA PRADESH,422,Datia,3404,Indergarh,0,Indergarh
62,23,MADHYA PRADESH,422,Datia,3404,Indergarh,802108,Indergarh (NP)
63,23,MADHYA PRADESH,422,Datia,3405,Datia,0,Datia
64,23,MADHYA PRADESH,422,Datia,3405,Datia,802109,Datia (M)
65,23,MADHYA PRADESH,422,Datia,3405,Datia,802110,Badoni (NP)
66,23,MADHYA PRADESH,422,Datia,3406,Bhander,0,Bhander
67,23,MADHYA PRADESH,422,Datia,3406,Bhander,802111,Bhander (NP)
68,23,MADHYA PRADESH,423,Shivpuri,0,Shivpuri,0,Shivpuri
69,23,MADHYA PRADESH,423,Shivpuri,3407,Pohri,0,Pohri
70,23,MADHYA PRADESH,423,Shivpuri,3408,Shivpuri,0,Shivpuri
71,23,MADHYA PRADESH,423,Shivpuri,3408,Shivpuri,802112,Shivpuri (M)
72,23,MADHYA PRADESH,423,Shivpuri,3409,Narwar,0,Narwar
73,23,MADHYA PRADESH,423,Shivpuri,3409,Narwar,802113,Narwar (NP)
74,23,MADHYA PRADESH,423,Shivpuri,3410,Karera,0,Karera
75,23,MADHYA PRADESH,423,Shivpuri,3410,Karera,802114,Karera (NP)
76,23,MADHYA PRADESH,423,Shivpuri,3411,Kolaras,0,Kolaras
77,23,MADHYA PRADESH,423,Shivpuri,3411,Kolaras,802115,Kolaras (NP)
78,23,MADHYA PRADESH,423,Shivpuri,3412,Badarwas,0,Badarwas
79,23,MADHYA PRADESH,423,Shivpuri,3412,Badarwas,802116,Badarwas (NP)
80,23,MADHYA PRADESH,423,Shivpuri,3413,Pichhore,0,Pichhore
81,23,MADHYA PRADESH,423,Shivpuri,3413,Pichhore,802117,Pichhore (NP)
82,23,MADHYA PRADESH,423,Shivpuri,3414,Khaniyadhana,0,Khaniyadhana
83,23,MADHYA PRADESH,423,Shivpuri,3414,Khaniyadhana,802118,Khaniyadhana (NP)
84,23,MADHYA PRADESH,424,Tikamgarh,0,Tikamgarh,0,Tikamgarh
85,23,MADHYA PRADESH,424,Tikamgarh,3415,Niwari,0,Niwari
86,23,MADHYA PRADESH,424,Tikamgarh,3415,Niwari,802119,Tarichar Kalan (NP)
87,23,MADHYA PRADESH,424,Tikamgarh,3415,Niwari,802120,Niwari (NP)
88,23,MADHYA PRADESH,424,Tikamgarh,3416,Orchha,0,Orchha
89,23,MADHYA PRADESH,424,Tikamgarh,3416,Orchha,802121,Orchha (NP)
90,23,MADHYA PRADESH,424,Tikamgarh,3417,Prithvipur,0,Prithvipur
91,23,MADHYA PRADESH,424,Tikamgarh,3417,Prithvipur,802122,Jeron Khalsa (NP)
92,23,MADHYA PRADESH,424,Tikamgarh,3417,Prithvipur,802123,Prithvipur (NP)
93,23,MADHYA PRADESH,424,Tikamgarh,3418,Jatara,0,Jatara
94,23,MADHYA PRADESH,424,Tikamgarh,3418,Jatara,802124,Lidhora Khas (NP)
95,23,MADHYA PRADESH,424,Tikamgarh,3418,Jatara,802125,Jatara (NP)
96,23,MADHYA PRADESH,424,Tikamgarh,3419,Mohangarh,0,Mohangarh
97,23,MADHYA PRADESH,424,Tikamgarh,3420,Palera,0,Palera
98,23,MADHYA PRADESH,424,Tikamgarh,3420,Palera,802126,Palera (NP)
99,23,MADHYA PRADESH,424,Tikamgarh,3421,Baldeogarh,0,Baldeogarh
100,23,MADHYA PRADESH,424,Tikamgarh,3421,Baldeogarh,802127,Baldeogarh (NP)
101,23,MADHYA PRADESH,424,Tikamgarh,3422,Khargapur,0,Khargapur
102,23,MADHYA PRADESH,424,Tikamgarh,3422,Khargapur,802128,Khargapur (NP)
103,23,MADHYA PRADESH,424,Tikamgarh,3423,Tikamgarh,0,Tikamgarh
104,23,MADHYA PRADESH,424,Tikamgarh,3423,Tikamgarh,802129,Kari (NP)
105,23,MADHYA PRADESH,424,Tikamgarh,3423,Tikamgarh,802130,Tikamgarh (M)
106,23,MADHYA PRADESH,424,Tikamgarh,3423,Tikamgarh,802131,Badagaon (NP)
107,23,MADHYA PRADESH,425,Chhatarpur,0,Chhatarpur,0,Chhatarpur
108,23,MADHYA PRADESH,425,Chhatarpur,3424,Gaurihar,0,Gaurihar
109,23,MADHYA PRADESH,425,Chhatarpur,3424,Gaurihar,802132,Barigarh (NP)
110,23,MADHYA PRADESH,425,Chhatarpur,3425,Laundi,0,Laundi
111,23,MADHYA PRADESH,425,Chhatarpur,3425,Laundi,802133,Laundi (NP)
112,23,MADHYA PRADESH,425,Chhatarpur,3426,Chandla,0,Chandla
113,23,MADHYA PRADESH,425,Chhatarpur,3426,Chandla,802134,Chandla (NP)
114,23,MADHYA PRADESH,425,Chhatarpur,3427,Nowgong,0,Nowgong
115,23,MADHYA PRADESH,425,Chhatarpur,3427,Nowgong,802135,Harpalpur (NP)
116,23,MADHYA PRADESH,425,Chhatarpur,3427,Nowgong,802136,Nowgong (M)
117,23,MADHYA PRADESH,425,Chhatarpur,3428,Maharajpur,0,Maharajpur
118,23,MADHYA PRADESH,425,Chhatarpur,3428,Maharajpur,802137,Garhi - Malhera (NP)
119,23,MADHYA PRADESH,425,Chhatarpur,3428,Maharajpur,802138,Maharajpur (NP)
120,23,MADHYA PRADESH,425,Chhatarpur,3429,Chhatarpur,0,Chhatarpur
121,23,MADHYA PRADESH,425,Chhatarpur,3429,Chhatarpur,802139,Chhatarpur (M + OG)
122,23,MADHYA PRADESH,425,Chhatarpur,3429,Chhatarpur,802139,Chhatarpur (M)
123,23,MADHYA PRADESH,425,Chhatarpur,3430,Rajnagar,0,Rajnagar
124,23,MADHYA PRADESH,425,Chhatarpur,3430,Rajnagar,802140,Rajnagar (NP)
125,23,MADHYA PRADESH,425,Chhatarpur,3430,Rajnagar,802141,Khajuraho (NP)
126,23,MADHYA PRADESH,425,Chhatarpur,3431,Bada Malhera,0,Bada Malhera
127,23,MADHYA PRADESH,425,Chhatarpur,3431,Bada Malhera,802142,Bada Malhera (NP)
128,23,MADHYA PRADESH,425,Chhatarpur,3432,Ghuwara,0,Ghuwara
129,23,MADHYA PRADESH,425,Chhatarpur,3432,Ghuwara,802143,Ghuwara (NP)
130,23,MADHYA PRADESH,425,Chhatarpur,3433,Bijawar,0,Bijawar
131,23,MADHYA PRADESH,425,Chhatarpur,3433,Bijawar,802144,Satai (NP)
132,23,MADHYA PRADESH,425,Chhatarpur,3433,Bijawar,802145,Bijawar (NP)
133,23,MADHYA PRADESH,425,Chhatarpur,3434,Buxwaha,0,Buxwaha
134,23,MADHYA PRADESH,425,Chhatarpur,3434,Buxwaha,802146,Buxwaha (NP)
135,23,MADHYA PRADESH,426,Panna,0,Panna,0,Panna
136,23,MADHYA PRADESH,426,Panna,3435,Ajaigarh,0,Ajaigarh
137,23,MADHYA PRADESH,426,Panna,3435,Ajaigarh,802147,Ajaigarh (NP)
138,23,MADHYA PRADESH,426,Panna,3436,Panna,0,Panna
139,23,MADHYA PRADESH,426,Panna,3436,Panna,802148,Panna (M + OG)
140,23,MADHYA PRADESH,426,Panna,3436,Panna,802148,Panna (M)
141,23,MADHYA PRADESH,426,Panna,3437,Devendranagar,0,Devendranagar
142,23,MADHYA PRADESH,426,Panna,3437,Devendranagar,802149,Devendranagar (NP)
143,23,MADHYA PRADESH,426,Panna,3437,Devendranagar,802150,Kakarhati (NP)
144,23,MADHYA PRADESH,426,Panna,3438,Gunnor,0,Gunnor
145,23,MADHYA PRADESH,426,Panna,3439,Amanganj,0,Amanganj
146,23,MADHYA PRADESH,426,Panna,3439,Amanganj,802151,Amanganj (NP)
147,23,MADHYA PRADESH,426,Panna,3440,Pawai,0,Pawai
148,23,MADHYA PRADESH,426,Panna,3440,Pawai,802152,Pawai (NP)
149,23,MADHYA PRADESH,426,Panna,3441,Shahnagar,0,Shahnagar
150,23,MADHYA PRADESH,426,Panna,3442,Raipura,0,Raipura
151,23,MADHYA PRADESH,427,Sagar,0,Sagar,0,Sagar
152,23,MADHYA PRADESH,427,Sagar,3443,Bina,0,Bina
153,23,MADHYA PRADESH,427,Sagar,3443,Bina,802153,Bina-Etawa (M)
154,23,MADHYA PRADESH,427,Sagar,3444,Khurai,0,Khurai
155,23,MADHYA PRADESH,427,Sagar,3444,Khurai,802154,Khurai (M)
156,23,MADHYA PRADESH,427,Sagar,3445,Malthon,0,Malthon
157,23,MADHYA PRADESH,427,Sagar,3446,Banda,0,Banda
158,23,MADHYA PRADESH,427,Sagar,3446,Banda,802155,Banda (NP)
159,23,MADHYA PRADESH,427,Sagar,3447,Shahgarh,0,Shahgarh
160,23,MADHYA PRADESH,427,Sagar,3447,Shahgarh,802156,Shahgarh (NP)
161,23,MADHYA PRADESH,427,Sagar,3448,Rahatgarh,0,Rahatgarh
162,23,MADHYA PRADESH,427,Sagar,3448,Rahatgarh,802157,Rahatgarh (NP)
163,23,MADHYA PRADESH,427,Sagar,3449,Sagar,0,Sagar
164,23,MADHYA PRADESH,427,Sagar,3449,Sagar,802158,Shahpur (NP)
165,23,MADHYA PRADESH,427,Sagar,3449,Sagar,802159,Sagar (M Corp. + OG)
166,23,MADHYA PRADESH,427,Sagar,3449,Sagar,802159,Sagar (M Corp.)
167,23,MADHYA PRADESH,427,Sagar,3449,Sagar,802160,Sagar Cantt (CB)
168,23,MADHYA PRADESH,427,Sagar,3450,Garhakota,0,Garhakota
169,23,MADHYA PRADESH,427,Sagar,3450,Garhakota,802161,Garhakota (M + OG)
170,23,MADHYA PRADESH,427,Sagar,3450,Garhakota,802161,Garhakota (M)
171,23,MADHYA PRADESH,427,Sagar,3451,Rehli,0,Rehli
172,23,MADHYA PRADESH,427,Sagar,3451,Rehli,802162,Rehli (M)
173,23,MADHYA PRADESH,427,Sagar,3452,Kesli,0,Kesli
174,23,MADHYA PRADESH,427,Sagar,3453,Deori,0,Deori
175,23,MADHYA PRADESH,427,Sagar,3453,Deori,802163,Deori (M)
176,23,MADHYA PRADESH,428,Damoh,0,Damoh,0,Damoh
177,23,MADHYA PRADESH,428,Damoh,3454,Hatta,0,Hatta
178,23,MADHYA PRADESH,428,Damoh,3454,Hatta,802164,Hatta (M)
179,23,MADHYA PRADESH,428,Damoh,3455,Patera,0,Patera
180,23,MADHYA PRADESH,428,Damoh,3456,Batiyagarh,0,Batiyagarh
181,23,MADHYA PRADESH,428,Damoh,3457,Patharia,0,Patharia
182,23,MADHYA PRADESH,428,Damoh,3457,Patharia,802165,Patharia (NP)
183,23,MADHYA PRADESH,428,Damoh,3458,Damoh,0,Damoh
184,23,MADHYA PRADESH,428,Damoh,3458,Damoh,802166,Hindoria (NP)
185,23,MADHYA PRADESH,428,Damoh,3458,Damoh,802167,Damoh (M + OG)
186,23,MADHYA PRADESH,428,Damoh,3458,Damoh,802167,Damoh (M)
187,23,MADHYA PRADESH,428,Damoh,3459,Jabera,0,Jabera
188,23,MADHYA PRADESH,428,Damoh,3460,Tendukheda,0,Tendukheda
189,23,MADHYA PRADESH,428,Damoh,3460,Tendukheda,802168,Tendukheda (NP)
190,23,MADHYA PRADESH,429,Satna,0,Satna,0,Satna
191,23,MADHYA PRADESH,429,Satna,3461,Raghurajnagar,0,Raghurajnagar
192,23,MADHYA PRADESH,429,Satna,3461,Raghurajnagar,802169,Kothi (NP)
193,23,MADHYA PRADESH,429,Satna,3461,Raghurajnagar,802170,Satna (M Corp. + OG)
194,23,MADHYA PRADESH,429,Satna,3461,Raghurajnagar,802170,Satna (M Corp.)
195,23,MADHYA PRADESH,429,Satna,3462,Majhgawan,0,Majhgawan
196,23,MADHYA PRADESH,429,Satna,3462,Majhgawan,802171,Chitrakoot (NP)
197,23,MADHYA PRADESH,429,Satna,3463,Birsinghpur,0,Birsinghpur
198,23,MADHYA PRADESH,429,Satna,3463,Birsinghpur,802172,Birsinghpur (NP)
199,23,MADHYA PRADESH,429,Satna,3463,Birsinghpur,802173,Jaitwara (NP)
200,23,MADHYA PRADESH,429,Satna,3464,Nagod,0,Nagod
201,23,MADHYA PRADESH,429,Satna,3464,Nagod,802174,Nagod (NP)
202,23,MADHYA PRADESH,429,Satna,3465,Unchahara,0,Unchahara
203,23,MADHYA PRADESH,429,Satna,3465,Unchahara,802175,Unchahara (NP)
204,23,MADHYA PRADESH,429,Satna,3466,Rampur Baghelan,0,Rampur Baghelan
205,23,MADHYA PRADESH,429,Satna,3466,Rampur Baghelan,802176,Rampur Baghelan (NP)
206,23,MADHYA PRADESH,429,Satna,3467,Kotar,0,Kotar
207,23,MADHYA PRADESH,429,Satna,3467,Kotar,802177,Kotar (NP)
208,23,MADHYA PRADESH,429,Satna,3468,Amarpatan,0,Amarpatan
209,23,MADHYA PRADESH,429,Satna,3468,Amarpatan,802178,Amarpatan (NP)
210,23,MADHYA PRADESH,429,Satna,3469,Ramnagar,0,Ramnagar
211,23,MADHYA PRADESH,429,Satna,3470,Maihar,0,Maihar
212,23,MADHYA PRADESH,429,Satna,3470,Maihar,802179,Maihar (M)
213,23,MADHYA PRADESH,430,Rewa,0,Rewa,0,Rewa
214,23,MADHYA PRADESH,430,Rewa,3471,Teonthar,0,Teonthar
215,23,MADHYA PRADESH,430,Rewa,3471,Teonthar,802180,Chakghat (NP)
216,23,MADHYA PRADESH,430,Rewa,3471,Teonthar,802181,Teonthar (NP)
217,23,MADHYA PRADESH,430,Rewa,3472,Jawa,0,Jawa
218,23,MADHYA PRADESH,430,Rewa,3473,Sirmour,0,Sirmour
219,23,MADHYA PRADESH,430,Rewa,3473,Sirmour,802182,Sirmour (NP)
220,23,MADHYA PRADESH,430,Rewa,3473,Sirmour,802183,Baikunthpur (NP)
221,23,MADHYA PRADESH,430,Rewa,3474,Mangawan,0,Mangawan
222,23,MADHYA PRADESH,430,Rewa,3474,Mangawan,802184,Mangawan (NP)
223,23,MADHYA PRADESH,430,Rewa,3475,Semaria,0,Semaria
224,23,MADHYA PRADESH,430,Rewa,3475,Semaria,802185,Semaria (NP)
225,23,MADHYA PRADESH,430,Rewa,3476,Hanumana,0,Hanumana
226,23,MADHYA PRADESH,430,Rewa,3476,Hanumana,802186,Hanumana (NP)
227,23,MADHYA PRADESH,430,Rewa,3477,Mauganj,0,Mauganj
228,23,MADHYA PRADESH,430,Rewa,3477,Mauganj,802187,Mauganj (NP)
229,23,MADHYA PRADESH,430,Rewa,3478,Naigarhi,0,Naigarhi
230,23,MADHYA PRADESH,430,Rewa,3478,Naigarhi,802188,Naigarhi (NP)
231,23,MADHYA PRADESH,430,Rewa,3479,Huzur,0,Huzur
232,23,MADHYA PRADESH,430,Rewa,3479,Huzur,802189,Rewa (M Corp.)
233,23,MADHYA PRADESH,430,Rewa,3479,Huzur,802190,Govindgarh (NP)
234,23,MADHYA PRADESH,430,Rewa,3480,Raipur - Karchuliyan,0,Raipur - Karchuliyan
235,23,MADHYA PRADESH,430,Rewa,3481,Gurh,0,Gurh
236,23,MADHYA PRADESH,430,Rewa,3481,Gurh,802191,Gurh (NP)
237,23,MADHYA PRADESH,431,Umaria,0,Umaria,0,Umaria
238,23,MADHYA PRADESH,431,Umaria,3482,Bandhogarh,0,Bandhogarh
239,23,MADHYA PRADESH,431,Umaria,3482,Bandhogarh,802192,Umaria (M)
240,23,MADHYA PRADESH,431,Umaria,3483,Chandia,0,Chandia
241,23,MADHYA PRADESH,431,Umaria,3483,Chandia,802193,Chandia (NP)
242,23,MADHYA PRADESH,431,Umaria,3484,Manpur,0,Manpur
243,23,MADHYA PRADESH,431,Umaria,3485,Pali,0,Pali
244,23,MADHYA PRADESH,431,Umaria,3485,Pali,802194,Pali (NP)
245,23,MADHYA PRADESH,431,Umaria,3486,Nowrozabad,0,Nowrozabad
246,23,MADHYA PRADESH,431,Umaria,3486,Nowrozabad,802195,Nowrozabad (Khodargama) (NP)
247,23,MADHYA PRADESH,432,Neemuch ,0,Neemuch ,0,Neemuch 
248,23,MADHYA PRADESH,432,Neemuch ,3487,Jawad,0,Jawad
249,23,MADHYA PRADESH,432,Neemuch ,3487,Jawad,802196,Diken (NP)
250,23,MADHYA PRADESH,432,Neemuch ,3487,Jawad,802197,Jawad (NP)
251,23,MADHYA PRADESH,432,Neemuch ,3488,Singoli,0,Singoli
252,23,MADHYA PRADESH,432,Neemuch ,3488,Singoli,802198,Singoli (NP)
253,23,MADHYA PRADESH,432,Neemuch ,3488,Singoli,802199,Ratangarh (NP)
254,23,MADHYA PRADESH,432,Neemuch ,3489,Neemuch,0,Neemuch
255,23,MADHYA PRADESH,432,Neemuch ,3489,Neemuch,802200,Neemuch (M + OG)
256,23,MADHYA PRADESH,432,Neemuch ,3489,Neemuch,802200,Neemuch (M)
257,23,MADHYA PRADESH,432,Neemuch ,3490,Jiran,0,Jiran
258,23,MADHYA PRADESH,432,Neemuch ,3490,Jiran,802201,Jiran (NP)
259,23,MADHYA PRADESH,432,Neemuch ,3491,Manasa,0,Manasa
260,23,MADHYA PRADESH,432,Neemuch ,3491,Manasa,802202,Rampura (NP)
261,23,MADHYA PRADESH,432,Neemuch ,3491,Manasa,802203,Manasa (NP)
262,23,MADHYA PRADESH,432,Neemuch ,3491,Manasa,802204,Kukdeshwar (NP)
263,23,MADHYA PRADESH,433,Mandsaur,0,Mandsaur,0,Mandsaur
264,23,MADHYA PRADESH,433,Mandsaur,3492,Bhanpura,0,Bhanpura
265,23,MADHYA PRADESH,433,Mandsaur,3492,Bhanpura,802205,Bhanpura (NP)
266,23,MADHYA PRADESH,433,Mandsaur,3493,Malhargarh,0,Malhargarh
267,23,MADHYA PRADESH,433,Mandsaur,3493,Malhargarh,802206,Malhargarh (NP)
268,23,MADHYA PRADESH,433,Mandsaur,3493,Malhargarh,802207,Narayangarh (NP)
269,23,MADHYA PRADESH,433,Mandsaur,3493,Malhargarh,802208,Piplya Mandi (NP)
270,23,MADHYA PRADESH,433,Mandsaur,3494,Garoth,0,Garoth
271,23,MADHYA PRADESH,433,Mandsaur,3494,Garoth,802209,Garoth (NP)
272,23,MADHYA PRADESH,433,Mandsaur,3495,Shamgarh,0,Shamgarh
273,23,MADHYA PRADESH,433,Mandsaur,3495,Shamgarh,802210,Shamgarh (NP)
274,23,MADHYA PRADESH,433,Mandsaur,3496,Mandsaur,0,Mandsaur
275,23,MADHYA PRADESH,433,Mandsaur,3496,Mandsaur,802211,Mandsaur (M)
276,23,MADHYA PRADESH,433,Mandsaur,3497,Daloda ,0,Daloda 
277,23,MADHYA PRADESH,433,Mandsaur,3497,Daloda ,802212,Nagri (NP)
278,23,MADHYA PRADESH,433,Mandsaur,3498,Sitamau,0,Sitamau
279,23,MADHYA PRADESH,433,Mandsaur,3498,Sitamau,802213,Sitamau (NP)
280,23,MADHYA PRADESH,433,Mandsaur,3499,Suwasara,0,Suwasara
281,23,MADHYA PRADESH,433,Mandsaur,3499,Suwasara,802214,Suwasara (NP)
282,23,MADHYA PRADESH,434,Ratlam,0,Ratlam,0,Ratlam
283,23,MADHYA PRADESH,434,Ratlam,3500,Piploda,0,Piploda
284,23,MADHYA PRADESH,434,Ratlam,3500,Piploda,802215,Piploda (NP)
285,23,MADHYA PRADESH,434,Ratlam,3501,Jaora,0,Jaora
286,23,MADHYA PRADESH,434,Ratlam,3501,Jaora,802216,Jaora (M + OG)
287,23,MADHYA PRADESH,434,Ratlam,3501,Jaora,802216,Jaora (M)
288,23,MADHYA PRADESH,434,Ratlam,3501,Jaora,802217,Badawada (NP)
289,23,MADHYA PRADESH,434,Ratlam,3502,Alot,0,Alot
290,23,MADHYA PRADESH,434,Ratlam,3502,Alot,802218,Alot (NP)
291,23,MADHYA PRADESH,434,Ratlam,3503,Tal,0,Tal
292,23,MADHYA PRADESH,434,Ratlam,3503,Tal,802219,Tal (NP)
293,23,MADHYA PRADESH,434,Ratlam,3504,Sailana,0,Sailana
294,23,MADHYA PRADESH,434,Ratlam,3504,Sailana,802220,Sailana (NP)
295,23,MADHYA PRADESH,434,Ratlam,3505,Bajna,0,Bajna
296,23,MADHYA PRADESH,434,Ratlam,3506,Rawti,0,Rawti
297,23,MADHYA PRADESH,434,Ratlam,3507,Ratlam,0,Ratlam
298,23,MADHYA PRADESH,434,Ratlam,3507,Ratlam,802221,Namli (NP)
299,23,MADHYA PRADESH,434,Ratlam,3507,Ratlam,802222,Ratlam (M Corp.)
300,23,MADHYA PRADESH,434,Ratlam,3507,Ratlam,802223,Dhamnod (NP)
301,23,MADHYA PRADESH,435,Ujjain,0,Ujjain,0,Ujjain
302,23,MADHYA PRADESH,435,Ujjain,3508,Khacharod,0,Khacharod
303,23,MADHYA PRADESH,435,Ujjain,3508,Khacharod,802224,Khacharod (M)
304,23,MADHYA PRADESH,435,Ujjain,3509,Nagda,0,Nagda
305,23,MADHYA PRADESH,435,Ujjain,3509,Nagda,802225,Nagda (M)
306,23,MADHYA PRADESH,435,Ujjain,3509,Nagda,802226,Unhel (NP)
307,23,MADHYA PRADESH,435,Ujjain,3510,Mahidpur,0,Mahidpur
308,23,MADHYA PRADESH,435,Ujjain,3510,Mahidpur,802227,Mahidpur (M + OG)
309,23,MADHYA PRADESH,435,Ujjain,3510,Mahidpur,802227,Mahidpur (M)
310,23,MADHYA PRADESH,435,Ujjain,3511,Ghatiya,0,Ghatiya
311,23,MADHYA PRADESH,435,Ujjain,3512,Tarana,0,Tarana
312,23,MADHYA PRADESH,435,Ujjain,3512,Tarana,802228,Tarana (NP)
313,23,MADHYA PRADESH,435,Ujjain,3512,Tarana,802229,Makdon (NP)
314,23,MADHYA PRADESH,435,Ujjain,3513,Ujjain,0,Ujjain
315,23,MADHYA PRADESH,435,Ujjain,3513,Ujjain,802230,Ujjain (M Corp.)
316,23,MADHYA PRADESH,435,Ujjain,3514,Badnagar,0,Badnagar
317,23,MADHYA PRADESH,435,Ujjain,3514,Badnagar,802231,Badnagar (M + OG)
318,23,MADHYA PRADESH,435,Ujjain,3514,Badnagar,802231,Badnagar (M)
319,23,MADHYA PRADESH,436,Shajapur,0,Shajapur,0,Shajapur
320,23,MADHYA PRADESH,436,Shajapur,3515,Susner,0,Susner
321,23,MADHYA PRADESH,436,Shajapur,3515,Susner,802232,Soyatkalan (NP)
322,23,MADHYA PRADESH,436,Shajapur,3515,Susner,802233,Susner (NP)
323,23,MADHYA PRADESH,436,Shajapur,3516,Nalkheda,0,Nalkheda
324,23,MADHYA PRADESH,436,Shajapur,3516,Nalkheda,802234,Nalkheda (NP)
325,23,MADHYA PRADESH,436,Shajapur,3516,Nalkheda,802235,Badagaon (NP)
326,23,MADHYA PRADESH,436,Shajapur,3517,Badod,0,Badod
327,23,MADHYA PRADESH,436,Shajapur,3517,Badod,802236,Badod (NP)
328,23,MADHYA PRADESH,436,Shajapur,3518,Agar,0,Agar
329,23,MADHYA PRADESH,436,Shajapur,3518,Agar,802237,Agar (M)
330,23,MADHYA PRADESH,436,Shajapur,3518,Agar,802238,Kanad (NP)
331,23,MADHYA PRADESH,436,Shajapur,3519,Shajapur,0,Shajapur
332,23,MADHYA PRADESH,436,Shajapur,3519,Shajapur,802239,Shajapur (M)
333,23,MADHYA PRADESH,436,Shajapur,3519,Shajapur,802240,Maksi (NP)
334,23,MADHYA PRADESH,436,Shajapur,3520,Gulana,0,Gulana
335,23,MADHYA PRADESH,436,Shajapur,3521,Moman Badodiya,0,Moman Badodiya
336,23,MADHYA PRADESH,436,Shajapur,3522,Shujalpur,0,Shujalpur
337,23,MADHYA PRADESH,436,Shajapur,3522,Shujalpur,802241,Shujalpur (M)
338,23,MADHYA PRADESH,436,Shajapur,3522,Shujalpur,802242,Akodia (NP)
339,23,MADHYA PRADESH,436,Shajapur,3522,Shujalpur,802243,Polaykalan (NP)
340,23,MADHYA PRADESH,436,Shajapur,3523,Kalapipal,0,Kalapipal
341,23,MADHYA PRADESH,437,Dewas,0,Dewas,0,Dewas
342,23,MADHYA PRADESH,437,Dewas,3524,Tonk Khurd,0,Tonk Khurd
343,23,MADHYA PRADESH,437,Dewas,3524,Tonk Khurd,802244,Tonk Khurd (NP)
344,23,MADHYA PRADESH,437,Dewas,3525,Sonkatch,0,Sonkatch
345,23,MADHYA PRADESH,437,Dewas,3525,Sonkatch,802245,Bhaurasa (NP)
346,23,MADHYA PRADESH,437,Dewas,3525,Sonkatch,802246,Sonkatch (NP)
347,23,MADHYA PRADESH,437,Dewas,3525,Sonkatch,802247,Pipalrawan (NP)
348,23,MADHYA PRADESH,437,Dewas,3526,Dewas,0,Dewas
349,23,MADHYA PRADESH,437,Dewas,3526,Dewas,802248,Dewas (M Corp.)
350,23,MADHYA PRADESH,437,Dewas,3527,Kannod,0,Kannod
351,23,MADHYA PRADESH,437,Dewas,3527,Kannod,802249,Kannod (NP)
352,23,MADHYA PRADESH,437,Dewas,3528,Satwas,0,Satwas
353,23,MADHYA PRADESH,437,Dewas,3528,Satwas,802250,Loharda (NP)
354,23,MADHYA PRADESH,437,Dewas,3528,Satwas,802251,Kantaphod (NP)
355,23,MADHYA PRADESH,437,Dewas,3528,Satwas,802252,Satwas (NP)
356,23,MADHYA PRADESH,437,Dewas,3529,Bagli,0,Bagli
357,23,MADHYA PRADESH,437,Dewas,3529,Bagli,802253,Karnawad (NP)
358,23,MADHYA PRADESH,437,Dewas,3529,Bagli,802254,Bagli (NP)
359,23,MADHYA PRADESH,437,Dewas,3530,Hatpiplya,0,Hatpiplya
360,23,MADHYA PRADESH,437,Dewas,3530,Hatpiplya,802255,Hatpiplya (NP)
361,23,MADHYA PRADESH,437,Dewas,3531,Khategaon,0,Khategaon
362,23,MADHYA PRADESH,437,Dewas,3531,Khategaon,802256,Khategaon (NP)
363,23,MADHYA PRADESH,438,Dhar,0,Dhar,0,Dhar
364,23,MADHYA PRADESH,438,Dhar,3532,Badnawar,0,Badnawar
365,23,MADHYA PRADESH,438,Dhar,3532,Badnawar,802257,Badnawar (NP)
366,23,MADHYA PRADESH,438,Dhar,3533,Sardarpur,0,Sardarpur
367,23,MADHYA PRADESH,438,Dhar,3533,Sardarpur,802258,Rajgarh (NP)
368,23,MADHYA PRADESH,438,Dhar,3533,Sardarpur,802259,Sardarpur (NP)
369,23,MADHYA PRADESH,438,Dhar,3534,Dhar,0,Dhar
370,23,MADHYA PRADESH,438,Dhar,3534,Dhar,802260,Dhar (M)
371,23,MADHYA PRADESH,438,Dhar,3534,Dhar,802261,Pithampur (M)
372,23,MADHYA PRADESH,438,Dhar,3534,Dhar,802262,Mandav (NP)
373,23,MADHYA PRADESH,438,Dhar,3535,Gandhwani,0,Gandhwani
374,23,MADHYA PRADESH,438,Dhar,3536,Kukshi,0,Kukshi
375,23,MADHYA PRADESH,438,Dhar,3536,Kukshi,802263,Kukshi (NP)
376,23,MADHYA PRADESH,438,Dhar,3537,Dahi,0,Dahi
377,23,MADHYA PRADESH,438,Dhar,3537,Dahi,802264,Dahi (NP)
378,23,MADHYA PRADESH,438,Dhar,3538,Manawar,0,Manawar
379,23,MADHYA PRADESH,438,Dhar,3538,Manawar,802265,Manawar (M)
380,23,MADHYA PRADESH,438,Dhar,3539,Dharampuri,0,Dharampuri
381,23,MADHYA PRADESH,438,Dhar,3539,Dharampuri,802266,Dhamnod (NP)
382,23,MADHYA PRADESH,438,Dhar,3539,Dharampuri,802267,Dharampuri (NP)
383,23,MADHYA PRADESH,439,Indore,0,Indore,0,Indore
384,23,MADHYA PRADESH,439,Indore,3540,Depalpur,0,Depalpur
385,23,MADHYA PRADESH,439,Indore,3540,Depalpur,802268,Runji-Gautampura (NP)
386,23,MADHYA PRADESH,439,Indore,3540,Depalpur,802269,Depalpur (NP)
387,23,MADHYA PRADESH,439,Indore,3540,Depalpur,802270,Betma (NP)
388,23,MADHYA PRADESH,439,Indore,3541,Hatod,0,Hatod
389,23,MADHYA PRADESH,439,Indore,0,Indore,802273,Indore (M Corp. + OG)
390,23,MADHYA PRADESH,439,Indore,3541,Hatod,802271,Hatod (NP)
391,23,MADHYA PRADESH,439,Indore,3541,Hatod,802273,Indore (M Corp. + OG) (Part)
392,23,MADHYA PRADESH,439,Indore,3542,Sawer,0,Sawer
393,23,MADHYA PRADESH,439,Indore,3542,Sawer,802272,Sawer (NP)
394,23,MADHYA PRADESH,439,Indore,3543,Indore,0,Indore
395,23,MADHYA PRADESH,439,Indore,3543,Indore,802273,Indore (M Corp. + OG) (Part)
396,23,MADHYA PRADESH,439,Indore,3543,Indore,802273,Indore (M Corp.)
397,23,MADHYA PRADESH,439,Indore,3543,Indore,802274,Rau (NP)
398,23,MADHYA PRADESH,439,Indore,3544,Mhow ,0,Mhow 
399,23,MADHYA PRADESH,439,Indore,3544,Mhow ,802275,Mhow Cantt (CB)
400,23,MADHYA PRADESH,439,Indore,3544,Mhow ,802276,Mhowgaon (NP)
401,23,MADHYA PRADESH,439,Indore,3544,Mhow ,802277,Manpur (NP)
402,23,MADHYA PRADESH,440,Khargone (West Nimar),0,Khargone (West Nimar),0,Khargone (West Nimar)
403,23,MADHYA PRADESH,440,Khargone (West Nimar),3545,Barwaha,0,Barwaha
404,23,MADHYA PRADESH,440,Khargone (West Nimar),3545,Barwaha,802278,Barwaha (M)
405,23,MADHYA PRADESH,440,Khargone (West Nimar),3545,Barwaha,802279,Sanawad (M)
406,23,MADHYA PRADESH,440,Khargone (West Nimar),3546,Maheshwar,0,Maheshwar
407,23,MADHYA PRADESH,440,Khargone (West Nimar),3546,Maheshwar,802280,Maheshwar (NP)
408,23,MADHYA PRADESH,440,Khargone (West Nimar),3546,Maheshwar,802281,Mandleshwar (NP)
409,23,MADHYA PRADESH,440,Khargone (West Nimar),3547,Kasrawad,0,Kasrawad
410,23,MADHYA PRADESH,440,Khargone (West Nimar),3547,Kasrawad,802282,Kasrawad (NP)
411,23,MADHYA PRADESH,440,Khargone (West Nimar),3548,Segaon,0,Segaon
412,23,MADHYA PRADESH,440,Khargone (West Nimar),3549,Bhikangaon,0,Bhikangaon
413,23,MADHYA PRADESH,440,Khargone (West Nimar),3549,Bhikangaon,802283,Bhikangaon (NP)
414,23,MADHYA PRADESH,440,Khargone (West Nimar),3550,Khargone,0,Khargone
415,23,MADHYA PRADESH,440,Khargone (West Nimar),3550,Khargone,802284,Khargone (M + OG)
416,23,MADHYA PRADESH,440,Khargone (West Nimar),3550,Khargone,802284,Khargone (M)
417,23,MADHYA PRADESH,440,Khargone (West Nimar),3551,Gogaon,0,Gogaon
418,23,MADHYA PRADESH,440,Khargone (West Nimar),3552,Bhagwanpura,0,Bhagwanpura
419,23,MADHYA PRADESH,440,Khargone (West Nimar),3553,Jhiranya,0,Jhiranya
420,23,MADHYA PRADESH,441,Barwani ,0,Barwani ,0,Barwani 
421,23,MADHYA PRADESH,441,Barwani ,3554,Barwani,0,Barwani
422,23,MADHYA PRADESH,441,Barwani ,3554,Barwani,802285,Barwani (M)
423,23,MADHYA PRADESH,441,Barwani ,3555,Pati,0,Pati
424,23,MADHYA PRADESH,441,Barwani ,3556,Thikri,0,Thikri
425,23,MADHYA PRADESH,441,Barwani ,3557,Anjad,0,Anjad
426,23,MADHYA PRADESH,441,Barwani ,3557,Anjad,802286,Anjad (NP)
427,23,MADHYA PRADESH,441,Barwani ,3558,Rajpur,0,Rajpur
428,23,MADHYA PRADESH,441,Barwani ,3558,Rajpur,802287,Rajpur (NP)
429,23,MADHYA PRADESH,441,Barwani ,3558,Rajpur,802288,Palsud (NP)
430,23,MADHYA PRADESH,441,Barwani ,3559,Pansemal,0,Pansemal
431,23,MADHYA PRADESH,441,Barwani ,3559,Pansemal,802289,Pansemal (NP)
432,23,MADHYA PRADESH,441,Barwani ,3559,Pansemal,802290,Khetia (NP)
433,23,MADHYA PRADESH,441,Barwani ,3560,Niwali,0,Niwali
434,23,MADHYA PRADESH,441,Barwani ,3561,Sendhwa,0,Sendhwa
435,23,MADHYA PRADESH,441,Barwani ,3561,Sendhwa,802291,Sendhwa (M)
436,23,MADHYA PRADESH,441,Barwani ,3562,Varla,0,Varla
437,23,MADHYA PRADESH,442,Rajgarh,0,Rajgarh,0,Rajgarh
438,23,MADHYA PRADESH,442,Rajgarh,3563,Jirapur,0,Jirapur
439,23,MADHYA PRADESH,442,Rajgarh,3563,Jirapur,802292,Machalpur (NP)
440,23,MADHYA PRADESH,442,Rajgarh,3563,Jirapur,802293,Jirapur (NP)
441,23,MADHYA PRADESH,442,Rajgarh,3564,Khilchipur,0,Khilchipur
442,23,MADHYA PRADESH,442,Rajgarh,3564,Khilchipur,802294,Khilchipur (NP)
443,23,MADHYA PRADESH,442,Rajgarh,3564,Khilchipur,802295,Chhapiheda (NP)
444,23,MADHYA PRADESH,442,Rajgarh,3565,Rajgarh,0,Rajgarh
445,23,MADHYA PRADESH,442,Rajgarh,3565,Rajgarh,802296,Rajgarh (NP)
446,23,MADHYA PRADESH,442,Rajgarh,3565,Rajgarh,802297,Khujner (NP)
447,23,MADHYA PRADESH,442,Rajgarh,3566,Biaora,0,Biaora
448,23,MADHYA PRADESH,442,Rajgarh,3566,Biaora,802298,Suthaliya (NP)
449,23,MADHYA PRADESH,442,Rajgarh,3566,Biaora,802299,Biaora (M + OG)
450,23,MADHYA PRADESH,442,Rajgarh,3566,Biaora,802299,Biaora (M)
451,23,MADHYA PRADESH,442,Rajgarh,3567,Sarangpur,0,Sarangpur
452,23,MADHYA PRADESH,442,Rajgarh,3567,Sarangpur,802300,Sarangpur (M)
453,23,MADHYA PRADESH,442,Rajgarh,3568,Narsinghgarh,0,Narsinghgarh
454,23,MADHYA PRADESH,442,Rajgarh,3568,Narsinghgarh,802301,Narsinghgarh (M)
455,23,MADHYA PRADESH,442,Rajgarh,3568,Narsinghgarh,802302,Boda (NP)
456,23,MADHYA PRADESH,442,Rajgarh,3569,Pachore,0,Pachore
457,23,MADHYA PRADESH,442,Rajgarh,3569,Pachore,802303,Pachore (NP)
458,23,MADHYA PRADESH,442,Rajgarh,3569,Pachore,802304,Talen (NP)
459,23,MADHYA PRADESH,443,Vidisha,0,Vidisha,0,Vidisha
460,23,MADHYA PRADESH,443,Vidisha,3570,Lateri,0,Lateri
461,23,MADHYA PRADESH,443,Vidisha,3570,Lateri,802305,Lateri (NP)
462,23,MADHYA PRADESH,443,Vidisha,3571,Sironj,0,Sironj
463,23,MADHYA PRADESH,443,Vidisha,3571,Sironj,802306,Sironj (M)
464,23,MADHYA PRADESH,443,Vidisha,3572,Kurwai,0,Kurwai
465,23,MADHYA PRADESH,443,Vidisha,3572,Kurwai,802307,Kurwai (NP)
466,23,MADHYA PRADESH,443,Vidisha,3573,Basoda,0,Basoda
467,23,MADHYA PRADESH,443,Vidisha,3573,Basoda,802308,Basoda (M + OG)
468,23,MADHYA PRADESH,443,Vidisha,3573,Basoda,802308,Basoda (M)
469,23,MADHYA PRADESH,443,Vidisha,3574,Tyonda,0,Tyonda
470,23,MADHYA PRADESH,443,Vidisha,3575,Nateran,0,Nateran
471,23,MADHYA PRADESH,443,Vidisha,3576,Shamshabad,0,Shamshabad
472,23,MADHYA PRADESH,443,Vidisha,3576,Shamshabad,802309,Shamshabad (NP)
473,23,MADHYA PRADESH,443,Vidisha,3577,Gyaraspur,0,Gyaraspur
474,23,MADHYA PRADESH,443,Vidisha,3578,Gulabganj,0,Gulabganj
475,23,MADHYA PRADESH,443,Vidisha,3579,Vidisha,0,Vidisha
476,23,MADHYA PRADESH,443,Vidisha,3579,Vidisha,802310,Vidisha (M)
477,23,MADHYA PRADESH,444,Bhopal,0,Bhopal,0,Bhopal
478,23,MADHYA PRADESH,444,Bhopal,3580,Berasia,0,Berasia
479,23,MADHYA PRADESH,444,Bhopal,3580,Berasia,802311,Berasia (M)
480,23,MADHYA PRADESH,444,Bhopal,3581,Huzur,0,Huzur
481,23,MADHYA PRADESH,444,Bhopal,3581,Huzur,802312,Bhopal (M Corp.)
482,23,MADHYA PRADESH,444,Bhopal,3581,Huzur,802313,Kolar (M)
483,23,MADHYA PRADESH,445,Sehore,0,Sehore,0,Sehore
484,23,MADHYA PRADESH,445,Sehore,3582,Sehore,0,Sehore
485,23,MADHYA PRADESH,445,Sehore,3582,Sehore,802314,Sehore (M + OG)
486,23,MADHYA PRADESH,445,Sehore,3582,Sehore,802314,Sehore (M)
487,23,MADHYA PRADESH,445,Sehore,3583,Shyampur,0,Shyampur
488,23,MADHYA PRADESH,445,Sehore,3584,Ashta,0,Ashta
489,23,MADHYA PRADESH,445,Sehore,3584,Ashta,802315,Ashta (M + OG)
490,23,MADHYA PRADESH,445,Sehore,3584,Ashta,802315,Ashta (M)
491,23,MADHYA PRADESH,445,Sehore,3584,Ashta,802316,Kothri (NP)
492,23,MADHYA PRADESH,445,Sehore,3585,Jawar,0,Jawar
493,23,MADHYA PRADESH,445,Sehore,3585,Jawar,802317,Jawar (NP)
494,23,MADHYA PRADESH,445,Sehore,3586,Ichhawar,0,Ichhawar
495,23,MADHYA PRADESH,445,Sehore,3586,Ichhawar,802318,Ichhawar (NP)
496,23,MADHYA PRADESH,445,Sehore,3587,Nasrullaganj,0,Nasrullaganj
497,23,MADHYA PRADESH,445,Sehore,3587,Nasrullaganj,802319,Nasrullaganj (NP)
498,23,MADHYA PRADESH,445,Sehore,3588,Budni,0,Budni
499,23,MADHYA PRADESH,445,Sehore,3588,Budni,802320,Budni (NP)
500,23,MADHYA PRADESH,445,Sehore,3589,Rehti,0,Rehti
501,23,MADHYA PRADESH,445,Sehore,3589,Rehti,802321,Rehti (NP)
502,23,MADHYA PRADESH,446,Raisen,0,Raisen,0,Raisen
503,23,MADHYA PRADESH,446,Raisen,3590,Raisen,0,Raisen
504,23,MADHYA PRADESH,446,Raisen,3590,Raisen,802322,Sanchi (NP)
505,23,MADHYA PRADESH,446,Raisen,3590,Raisen,802323,Raisen (M)
506,23,MADHYA PRADESH,446,Raisen,3591,Gairatganj,0,Gairatganj
507,23,MADHYA PRADESH,446,Raisen,3591,Gairatganj,802324,Gairatganj (NP)
508,23,MADHYA PRADESH,446,Raisen,3592,Begamganj,0,Begamganj
509,23,MADHYA PRADESH,446,Raisen,3592,Begamganj,802325,Begamganj (M)
510,23,MADHYA PRADESH,446,Raisen,3593,Goharganj,0,Goharganj
511,23,MADHYA PRADESH,446,Raisen,3593,Goharganj,802326,Sultanpur (NP)
512,23,MADHYA PRADESH,446,Raisen,3593,Goharganj,802327,Mandideep (M)
513,23,MADHYA PRADESH,446,Raisen,3593,Goharganj,802328,Obedullaganj (NP)
514,23,MADHYA PRADESH,446,Raisen,3594,Baraily,0,Baraily
515,23,MADHYA PRADESH,446,Raisen,3594,Baraily,802329,Baraily (NP + OG)
516,23,MADHYA PRADESH,446,Raisen,3594,Baraily,802329,Baraily (NP)
517,23,MADHYA PRADESH,446,Raisen,3595,Badi,0,Badi
518,23,MADHYA PRADESH,446,Raisen,3595,Badi,802330,Badi (NP)
519,23,MADHYA PRADESH,446,Raisen,3596,Silwani,0,Silwani
520,23,MADHYA PRADESH,446,Raisen,3596,Silwani,802331,Silwani (NP)
521,23,MADHYA PRADESH,446,Raisen,3597,Udaipura,0,Udaipura
522,23,MADHYA PRADESH,446,Raisen,3597,Udaipura,802332,Udaipura (NP)
523,23,MADHYA PRADESH,447,Betul,0,Betul,0,Betul
524,23,MADHYA PRADESH,447,Betul,3598,Bhainsdehi,0,Bhainsdehi
525,23,MADHYA PRADESH,447,Betul,3598,Bhainsdehi,802333,Bhainsdehi (NP)
526,23,MADHYA PRADESH,447,Betul,3599,Athner,0,Athner
527,23,MADHYA PRADESH,447,Betul,3599,Athner,802334,Athner (NP)
528,23,MADHYA PRADESH,447,Betul,3600,Betul ,0,Betul 
529,23,MADHYA PRADESH,447,Betul,3600,Betul ,802335,Betul (M)
530,23,MADHYA PRADESH,447,Betul,3600,Betul ,802336,Betul-Bazar (NP)
531,23,MADHYA PRADESH,447,Betul,3601,Chicholi,0,Chicholi
532,23,MADHYA PRADESH,447,Betul,3601,Chicholi,802337,Chicholi (NP)
533,23,MADHYA PRADESH,447,Betul,3602,Ghoda Dongri,0,Ghoda Dongri
534,23,MADHYA PRADESH,447,Betul,3602,Ghoda Dongri,802338,Sarni (M)
535,23,MADHYA PRADESH,447,Betul,3603,Shahpur,0,Shahpur
536,23,MADHYA PRADESH,447,Betul,3604,Multai,0,Multai
537,23,MADHYA PRADESH,447,Betul,3604,Multai,802339,Multai (M)
538,23,MADHYA PRADESH,447,Betul,3605,Amla,0,Amla
539,23,MADHYA PRADESH,447,Betul,3605,Amla,802340,Amla (M)
540,23,MADHYA PRADESH,448,Harda ,0,Harda ,0,Harda 
541,23,MADHYA PRADESH,448,Harda ,3606,Khirkiya,0,Khirkiya
542,23,MADHYA PRADESH,448,Harda ,3606,Khirkiya,802341,Khirkiya (NP)
543,23,MADHYA PRADESH,448,Harda ,3607,Sirali,0,Sirali
544,23,MADHYA PRADESH,448,Harda ,3608,Harda,0,Harda
545,23,MADHYA PRADESH,448,Harda ,3608,Harda,802342,Harda (M + OG)
546,23,MADHYA PRADESH,448,Harda ,3608,Harda,802342,Harda (M)
547,23,MADHYA PRADESH,448,Harda ,3609,Handiya,0,Handiya
548,23,MADHYA PRADESH,448,Harda ,3610,Timarni,0,Timarni
549,23,MADHYA PRADESH,448,Harda ,3610,Timarni,802343,Timarni (NP)
550,23,MADHYA PRADESH,448,Harda ,3611,Rehatgaon,0,Rehatgaon
551,23,MADHYA PRADESH,449,Hoshangabad,0,Hoshangabad,0,Hoshangabad
552,23,MADHYA PRADESH,449,Hoshangabad,3612,Seoni-Malwa,0,Seoni-Malwa
553,23,MADHYA PRADESH,449,Hoshangabad,3612,Seoni-Malwa,802344,Seoni-Malwa (M)
554,23,MADHYA PRADESH,449,Hoshangabad,3613,Itarsi,0,Itarsi
555,23,MADHYA PRADESH,449,Hoshangabad,3613,Itarsi,802345,Itarsi (M + OG)
556,23,MADHYA PRADESH,449,Hoshangabad,3613,Itarsi,802345,Itarsi (M)
557,23,MADHYA PRADESH,449,Hoshangabad,3614,Hoshangabad,0,Hoshangabad
558,23,MADHYA PRADESH,449,Hoshangabad,3614,Hoshangabad,802346,Hoshangabad (M)
559,23,MADHYA PRADESH,449,Hoshangabad,3615,Dolariya,0,Dolariya
560,23,MADHYA PRADESH,449,Hoshangabad,3616,Babai,0,Babai
561,23,MADHYA PRADESH,449,Hoshangabad,3616,Babai,802347,Babai (NP)
562,23,MADHYA PRADESH,449,Hoshangabad,3617,Sohagpur,0,Sohagpur
563,23,MADHYA PRADESH,449,Hoshangabad,3617,Sohagpur,802348,Sohagpur (NP)
564,23,MADHYA PRADESH,449,Hoshangabad,3618,Pipariya,0,Pipariya
565,23,MADHYA PRADESH,449,Hoshangabad,3618,Pipariya,802349,Pipariya (M)
566,23,MADHYA PRADESH,449,Hoshangabad,3618,Pipariya,802350,Pachmarhi Cantt (CB)
567,23,MADHYA PRADESH,449,Hoshangabad,3619,Bankhedi,0,Bankhedi
568,23,MADHYA PRADESH,450,Katni ,0,Katni ,0,Katni 
569,23,MADHYA PRADESH,450,Katni ,3620,Murwara,0,Murwara
570,23,MADHYA PRADESH,450,Katni ,3620,Murwara,802351,Murwara (Katni) (M Corp.)
571,23,MADHYA PRADESH,450,Katni ,3621,Rithi,0,Rithi
572,23,MADHYA PRADESH,450,Katni ,3622,Barhi,0,Barhi
573,23,MADHYA PRADESH,450,Katni ,3622,Barhi,802352,Barhi (NP)
574,23,MADHYA PRADESH,450,Katni ,3623,Badwara,0,Badwara
575,23,MADHYA PRADESH,450,Katni ,3624,Vijayraghavgarh,0,Vijayraghavgarh
576,23,MADHYA PRADESH,450,Katni ,3624,Vijayraghavgarh,802353,Kymore (NP)
577,23,MADHYA PRADESH,450,Katni ,3624,Vijayraghavgarh,802354,Vijayraghavgarh (NP)
578,23,MADHYA PRADESH,450,Katni ,3625,Bahoriband,0,Bahoriband
579,23,MADHYA PRADESH,450,Katni ,3626,Dhimarkheda,0,Dhimarkheda
580,23,MADHYA PRADESH,451,Jabalpur,0,Jabalpur,0,Jabalpur
581,23,MADHYA PRADESH,451,Jabalpur,3627,Sihora,0,Sihora
582,23,MADHYA PRADESH,451,Jabalpur,3627,Sihora,802355,Sihora (M)
583,23,MADHYA PRADESH,451,Jabalpur,3628,Majholi,0,Majholi
584,23,MADHYA PRADESH,451,Jabalpur,3628,Majholi,802356,Majholi (NP)
585,23,MADHYA PRADESH,451,Jabalpur,3629,Patan,0,Patan
586,23,MADHYA PRADESH,451,Jabalpur,3629,Patan,802357,Katangi (NP)
587,23,MADHYA PRADESH,451,Jabalpur,3629,Patan,802358,Patan (NP)
588,23,MADHYA PRADESH,451,Jabalpur,3630,Shahpura,0,Shahpura
589,23,MADHYA PRADESH,451,Jabalpur,3630,Shahpura,802359,Shahpura (NP)
590,23,MADHYA PRADESH,451,Jabalpur,3631,Jabalpur,0,Jabalpur
591,23,MADHYA PRADESH,451,Jabalpur,3631,Jabalpur,802360,Jabalpur Cantt (CB)
592,23,MADHYA PRADESH,451,Jabalpur,0,Jabalpur,802361,Jabalpur (M Corp. + OG)
593,23,MADHYA PRADESH,451,Jabalpur,3631,Jabalpur,802361,Jabalpur (M Corp. + OG) (Part)
594,23,MADHYA PRADESH,451,Jabalpur,3631,Jabalpur,802361,Jabalpur (M Corp.)
595,23,MADHYA PRADESH,451,Jabalpur,3631,Jabalpur,802362,Bhedaghat (NP)
596,23,MADHYA PRADESH,451,Jabalpur,3631,Jabalpur,802363,Barela (NP)
597,23,MADHYA PRADESH,451,Jabalpur,3632,Panagar,0,Panagar
598,23,MADHYA PRADESH,451,Jabalpur,3632,Panagar,802361,Jabalpur (M Corp. + OG) (Part)
599,23,MADHYA PRADESH,451,Jabalpur,3632,Panagar,802364,Panagar (M)
600,23,MADHYA PRADESH,451,Jabalpur,3633,Kundam,0,Kundam
601,23,MADHYA PRADESH,452,Narsimhapur,0,Narsimhapur,0,Narsimhapur
602,23,MADHYA PRADESH,452,Narsimhapur,3634,Gotegaon,0,Gotegaon
603,23,MADHYA PRADESH,452,Narsimhapur,3634,Gotegaon,802365,Gotegaon (NP + OG)
604,23,MADHYA PRADESH,452,Narsimhapur,3634,Gotegaon,802365,Gotegaon (NP)
605,23,MADHYA PRADESH,452,Narsimhapur,3635,Gadarwara,0,Gadarwara
606,23,MADHYA PRADESH,452,Narsimhapur,3635,Gadarwara,802366,Gadarwara (M + OG)
607,23,MADHYA PRADESH,452,Narsimhapur,3635,Gadarwara,802366,Gadarwara (M)
608,23,MADHYA PRADESH,452,Narsimhapur,3636,Narsimhapur,0,Narsimhapur
609,23,MADHYA PRADESH,452,Narsimhapur,3636,Narsimhapur,802367,Narsimhapur (M + OG)
610,23,MADHYA PRADESH,452,Narsimhapur,3636,Narsimhapur,802367,Narsimhapur (M)
611,23,MADHYA PRADESH,452,Narsimhapur,3637,Kareli,0,Kareli
612,23,MADHYA PRADESH,452,Narsimhapur,3637,Kareli,802368,Kareli (M)
613,23,MADHYA PRADESH,452,Narsimhapur,3638,Tendukheda,0,Tendukheda
614,23,MADHYA PRADESH,452,Narsimhapur,3638,Tendukheda,802369,Tendukheda (NP)
615,23,MADHYA PRADESH,453,Dindori ,0,Dindori ,0,Dindori 
616,23,MADHYA PRADESH,453,Dindori ,3639,Shahpura,0,Shahpura
617,23,MADHYA PRADESH,453,Dindori ,3639,Shahpura,802370,Shahpura (NP)
618,23,MADHYA PRADESH,453,Dindori ,3640,Dindori ,0,Dindori 
619,23,MADHYA PRADESH,453,Dindori ,3640,Dindori ,802371,Dindori (NP)
620,23,MADHYA PRADESH,454,Mandla,0,Mandla,0,Mandla
621,23,MADHYA PRADESH,454,Mandla,3641,Niwas,0,Niwas
622,23,MADHYA PRADESH,454,Mandla,3641,Niwas,802372,Niwas (NP)
623,23,MADHYA PRADESH,454,Mandla,3642,Narayanganj,0,Narayanganj
624,23,MADHYA PRADESH,454,Mandla,3643,Mandla,0,Mandla
625,23,MADHYA PRADESH,454,Mandla,3643,Mandla,802373,Mandla (M + OG)
626,23,MADHYA PRADESH,454,Mandla,3643,Mandla,802373,Mandla (M)
627,23,MADHYA PRADESH,454,Mandla,3643,Mandla,802374,Bamhani (NP)
628,23,MADHYA PRADESH,454,Mandla,3644,Ghughari,0,Ghughari
629,23,MADHYA PRADESH,454,Mandla,3645,Bichhiya,0,Bichhiya
630,23,MADHYA PRADESH,454,Mandla,3645,Bichhiya,802375,Bichhiya (NP)
631,23,MADHYA PRADESH,454,Mandla,3646,Nainpur,0,Nainpur
632,23,MADHYA PRADESH,454,Mandla,3646,Nainpur,802376,Nainpur (M + OG)
633,23,MADHYA PRADESH,454,Mandla,3646,Nainpur,802376,Nainpur (M)
634,23,MADHYA PRADESH,455,Chhindwara,0,Chhindwara,0,Chhindwara
635,23,MADHYA PRADESH,455,Chhindwara,3647,Tamia,0,Tamia
636,23,MADHYA PRADESH,455,Chhindwara,3648,Amarwara,0,Amarwara
637,23,MADHYA PRADESH,455,Chhindwara,3648,Amarwara,802377,Amarwara (M)
638,23,MADHYA PRADESH,455,Chhindwara,3649,Harrai,0,Harrai
639,23,MADHYA PRADESH,455,Chhindwara,3649,Harrai,802378,Harrai (NP)
640,23,MADHYA PRADESH,455,Chhindwara,3650,Chaurai,0,Chaurai
641,23,MADHYA PRADESH,455,Chhindwara,3650,Chaurai,802379,Chaurai Khas (M)
642,23,MADHYA PRADESH,455,Chhindwara,3651,Jamai,0,Jamai
643,23,MADHYA PRADESH,455,Chhindwara,3651,Jamai,802380,Jamai (M)
644,23,MADHYA PRADESH,455,Chhindwara,3651,Jamai,802381,Damua (M)
645,23,MADHYA PRADESH,455,Chhindwara,3652,Parasia,0,Parasia
646,23,MADHYA PRADESH,455,Chhindwara,3652,Parasia,802382,Neuton Chikhli Kalan (NP)
647,23,MADHYA PRADESH,455,Chhindwara,3652,Parasia,802383,Dongar Parasia (M + OG)
648,23,MADHYA PRADESH,455,Chhindwara,3652,Parasia,802383,Dongar Parasia (M)
649,23,MADHYA PRADESH,455,Chhindwara,3652,Parasia,802384,Chandameta- Butaria (NP)
650,23,MADHYA PRADESH,455,Chhindwara,3652,Parasia,802385,Badkuhi (NP)
651,23,MADHYA PRADESH,455,Chhindwara,3653,Umreth,0,Umreth
652,23,MADHYA PRADESH,455,Chhindwara,3654,Chhindwara,0,Chhindwara
653,23,MADHYA PRADESH,455,Chhindwara,3654,Chhindwara,802386,Chhindwara (M + OG)
654,23,MADHYA PRADESH,455,Chhindwara,3654,Chhindwara,802386,Chhindwara (M)
655,23,MADHYA PRADESH,455,Chhindwara,3655,Mohkhed,0,Mohkhed
656,23,MADHYA PRADESH,455,Chhindwara,3656,Sausar,0,Sausar
657,23,MADHYA PRADESH,455,Chhindwara,3656,Sausar,802387,Sausar (M)
658,23,MADHYA PRADESH,455,Chhindwara,3656,Sausar,802388,Mohgaon (NP)
659,23,MADHYA PRADESH,455,Chhindwara,3656,Sausar,802389,Lodhikheda (NP)
660,23,MADHYA PRADESH,455,Chhindwara,3656,Sausar,802390,Piplanarayanwar (NP)
661,23,MADHYA PRADESH,455,Chhindwara,3657,Bichhua,0,Bichhua
662,23,MADHYA PRADESH,455,Chhindwara,3658,Pandhurna,0,Pandhurna
663,23,MADHYA PRADESH,455,Chhindwara,3658,Pandhurna,802391,Pandhurna (M)
664,23,MADHYA PRADESH,456,Seoni,0,Seoni,0,Seoni
665,23,MADHYA PRADESH,456,Seoni,3659,Lakhnadon,0,Lakhnadon
666,23,MADHYA PRADESH,456,Seoni,3659,Lakhnadon,802392,Lakhnadon (NP)
667,23,MADHYA PRADESH,456,Seoni,3660,Chhapara,0,Chhapara
668,23,MADHYA PRADESH,456,Seoni,3661,Ghansaur,0,Ghansaur
669,23,MADHYA PRADESH,456,Seoni,3662,Dhanora,0,Dhanora
670,23,MADHYA PRADESH,456,Seoni,3663,Keolari,0,Keolari
671,23,MADHYA PRADESH,456,Seoni,3664,Seoni,0,Seoni
672,23,MADHYA PRADESH,456,Seoni,3664,Seoni,802393,Seoni (M)
673,23,MADHYA PRADESH,456,Seoni,3665,Barghat,0,Barghat
674,23,MADHYA PRADESH,456,Seoni,3665,Barghat,802394,Barghat (NP)
675,23,MADHYA PRADESH,456,Seoni,3666,Kurai,0,Kurai
676,23,MADHYA PRADESH,457,Balaghat,0,Balaghat,0,Balaghat
677,23,MADHYA PRADESH,457,Balaghat,3667,Katangi,0,Katangi
678,23,MADHYA PRADESH,457,Balaghat,3667,Katangi,802395,Katangi (NP)
679,23,MADHYA PRADESH,457,Balaghat,3668,Tirodi,0,Tirodi
680,23,MADHYA PRADESH,457,Balaghat,3669,Waraseoni,0,Waraseoni
681,23,MADHYA PRADESH,457,Balaghat,3669,Waraseoni,802396,Waraseoni (M + OG)
682,23,MADHYA PRADESH,457,Balaghat,3669,Waraseoni,802396,Waraseoni (M)
683,23,MADHYA PRADESH,457,Balaghat,3670,Khairlanji,0,Khairlanji
684,23,MADHYA PRADESH,457,Balaghat,3671,Lalbarra,0,Lalbarra
685,23,MADHYA PRADESH,457,Balaghat,3672,Balaghat,0,Balaghat
686,23,MADHYA PRADESH,457,Balaghat,3672,Balaghat,802397,Balaghat (M)
687,23,MADHYA PRADESH,457,Balaghat,3673,Kirnapur,0,Kirnapur
688,23,MADHYA PRADESH,457,Balaghat,3674,Baihar,0,Baihar
689,23,MADHYA PRADESH,457,Balaghat,3674,Baihar,802398,Baihar (NP)
690,23,MADHYA PRADESH,457,Balaghat,3674,Baihar,802399,Malajkhand (M)
691,23,MADHYA PRADESH,457,Balaghat,3675,Paraswada,0,Paraswada
692,23,MADHYA PRADESH,457,Balaghat,3676,Lanji,0,Lanji
693,23,MADHYA PRADESH,457,Balaghat,3676,Lanji,802400,Lanji (NP)
694,23,MADHYA PRADESH,458,Guna,0,Guna,0,Guna
695,23,MADHYA PRADESH,458,Guna,3677,Guna,0,Guna
696,23,MADHYA PRADESH,458,Guna,3677,Guna,802401,Guna (M)
697,23,MADHYA PRADESH,458,Guna,3678,Bamori,0,Bamori
698,23,MADHYA PRADESH,458,Guna,3679,Raghogarh,0,Raghogarh
699,23,MADHYA PRADESH,458,Guna,3679,Raghogarh,802402,Raghogarh -Vijaypur (M)
700,23,MADHYA PRADESH,458,Guna,3680,Maksoodangarh,0,Maksoodangarh
701,23,MADHYA PRADESH,458,Guna,3681,Kumbhraj,0,Kumbhraj
702,23,MADHYA PRADESH,458,Guna,3681,Kumbhraj,802403,Kumbhraj (NP)
703,23,MADHYA PRADESH,458,Guna,3682,Aron,0,Aron
704,23,MADHYA PRADESH,458,Guna,3682,Aron,802404,Aron (NP)
705,23,MADHYA PRADESH,458,Guna,3683,Chachaura,0,Chachaura
706,23,MADHYA PRADESH,458,Guna,3683,Chachaura,802405,Chachaura-Binaganj (NP)
707,23,MADHYA PRADESH,459,Ashoknagar,0,Ashoknagar,0,Ashoknagar
708,23,MADHYA PRADESH,459,Ashoknagar,3684,Isagarh,0,Isagarh
709,23,MADHYA PRADESH,459,Ashoknagar,3684,Isagarh,802406,Isagarh (NP)
710,23,MADHYA PRADESH,459,Ashoknagar,3685,Chanderi,0,Chanderi
711,23,MADHYA PRADESH,459,Ashoknagar,3685,Chanderi,802407,Chanderi (M)
712,23,MADHYA PRADESH,459,Ashoknagar,3686,Ashoknagar,0,Ashoknagar
713,23,MADHYA PRADESH,459,Ashoknagar,3686,Ashoknagar,802408,Ashoknagar (M)
714,23,MADHYA PRADESH,459,Ashoknagar,3687,Shadhora,0,Shadhora
715,23,MADHYA PRADESH,459,Ashoknagar,3688,Mungaoli,0,Mungaoli
716,23,MADHYA PRADESH,459,Ashoknagar,3688,Mungaoli,802409,Mungaoli (NP + OG)
717,23,MADHYA PRADESH,459,Ashoknagar,3688,Mungaoli,802409,Mungaoli (NP)
718,23,MADHYA PRADESH,460,Shahdol,0,Shahdol,0,Shahdol
719,23,MADHYA PRADESH,460,Shahdol,3689,Beohari,0,Beohari
720,23,MADHYA PRADESH,460,Shahdol,3689,Beohari,802410,Khand(Bansagar) (NP)
721,23,MADHYA PRADESH,460,Shahdol,3689,Beohari,802411,Beohari (NP)
722,23,MADHYA PRADESH,460,Shahdol,3690,Jaisinghnagar,0,Jaisinghnagar
723,23,MADHYA PRADESH,460,Shahdol,3690,Jaisinghnagar,802412,Jaisinghnagar (NP)
724,23,MADHYA PRADESH,460,Shahdol,3691,Sohagpur,0,Sohagpur
725,23,MADHYA PRADESH,460,Shahdol,3691,Sohagpur,802413,Shahdol (M)
726,23,MADHYA PRADESH,460,Shahdol,3691,Sohagpur,802414,Burhar (NP)
727,23,MADHYA PRADESH,460,Shahdol,3691,Sohagpur,802415,Dhanpuri (Nargada Hari Dafai) (M)
728,23,MADHYA PRADESH,460,Shahdol,3692,Jaitpur,0,Jaitpur
729,23,MADHYA PRADESH,461,Anuppur,0,Anuppur,0,Anuppur
730,23,MADHYA PRADESH,461,Anuppur,3693,Kotma,0,Kotma
731,23,MADHYA PRADESH,461,Anuppur,3693,Kotma,802416,Bijuri (M)
732,23,MADHYA PRADESH,461,Anuppur,3693,Kotma,802417,Kotma (M)
733,23,MADHYA PRADESH,461,Anuppur,3694,Anuppur,0,Anuppur
734,23,MADHYA PRADESH,461,Anuppur,3694,Anuppur,802418,Pasan (M)
735,23,MADHYA PRADESH,461,Anuppur,3694,Anuppur,802419,Anuppur (M)
736,23,MADHYA PRADESH,461,Anuppur,3695,Jaithari,0,Jaithari
737,23,MADHYA PRADESH,461,Anuppur,3695,Jaithari,802420,Jaithari (NP)
738,23,MADHYA PRADESH,461,Anuppur,3696,Pushparajgarh,0,Pushparajgarh
739,23,MADHYA PRADESH,461,Anuppur,3696,Pushparajgarh,802421,Amarkantak (NP)
740,23,MADHYA PRADESH,462,Sidhi,0,Sidhi,0,Sidhi
741,23,MADHYA PRADESH,462,Sidhi,3697,Rampur Naikin,0,Rampur Naikin
742,23,MADHYA PRADESH,462,Sidhi,3697,Rampur Naikin,802422,Rampur Naikin (NP)
743,23,MADHYA PRADESH,462,Sidhi,3698,Churhat,0,Churhat
744,23,MADHYA PRADESH,462,Sidhi,3698,Churhat,802423,Churhat (NP)
745,23,MADHYA PRADESH,462,Sidhi,3699,Gopadbanas,0,Gopadbanas
746,23,MADHYA PRADESH,462,Sidhi,3699,Gopadbanas,802424,Sidhi (M)
747,23,MADHYA PRADESH,462,Sidhi,3700,Sihawal,0,Sihawal
748,23,MADHYA PRADESH,462,Sidhi,3701,Majhauli,0,Majhauli
749,23,MADHYA PRADESH,462,Sidhi,3701,Majhauli,802425,Majhauli (NP)
750,23,MADHYA PRADESH,462,Sidhi,3702,Kusmi,0,Kusmi
751,23,MADHYA PRADESH,463,Singrauli,0,Singrauli,0,Singrauli
752,23,MADHYA PRADESH,463,Singrauli,3703,Chitrangi,0,Chitrangi
753,23,MADHYA PRADESH,463,Singrauli,3704,Deosar,0,Deosar
754,23,MADHYA PRADESH,463,Singrauli,3705,Singrauli,0,Singrauli
755,23,MADHYA PRADESH,463,Singrauli,3705,Singrauli,802426,Singrauli (M Corp.)
756,23,MADHYA PRADESH,464,Jhabua,0,Jhabua,0,Jhabua
757,23,MADHYA PRADESH,464,Jhabua,3706,Thandla,0,Thandla
758,23,MADHYA PRADESH,464,Jhabua,3706,Thandla,802427,Thandla (NP)
759,23,MADHYA PRADESH,464,Jhabua,3707,Petlawad,0,Petlawad
760,23,MADHYA PRADESH,464,Jhabua,3707,Petlawad,802428,Petlawad (NP)
761,23,MADHYA PRADESH,464,Jhabua,3708,Meghnagar,0,Meghnagar
762,23,MADHYA PRADESH,464,Jhabua,3709,Jhabua,0,Jhabua
763,23,MADHYA PRADESH,464,Jhabua,3709,Jhabua,802429,Jhabua (M)
764,23,MADHYA PRADESH,464,Jhabua,3710,Ranapur,0,Ranapur
765,23,MADHYA PRADESH,464,Jhabua,3710,Ranapur,802430,Ranapur (NP)
766,23,MADHYA PRADESH,465,Alirajpur,0,Alirajpur,0,Alirajpur
767,23,MADHYA PRADESH,465,Alirajpur,3711,Bhavra,0,Bhavra
768,23,MADHYA PRADESH,465,Alirajpur,3711,Bhavra,802431,Bhavra (NP)
769,23,MADHYA PRADESH,465,Alirajpur,3712,Jobat,0,Jobat
770,23,MADHYA PRADESH,465,Alirajpur,3712,Jobat,802432,Jobat (NP)
771,23,MADHYA PRADESH,465,Alirajpur,3713,Alirajpur,0,Alirajpur
772,23,MADHYA PRADESH,465,Alirajpur,3713,Alirajpur,802433,Alirajpur (M)
773,23,MADHYA PRADESH,466,Khandwa (East Nimar),0,Khandwa (East Nimar),0,Khandwa (East Nimar)
774,23,MADHYA PRADESH,466,Khandwa (East Nimar),3714,Harsud,0,Harsud
775,23,MADHYA PRADESH,466,Khandwa (East Nimar),3714,Harsud,802434,Chhanera (NP)
776,23,MADHYA PRADESH,466,Khandwa (East Nimar),3715,Khalwa,0,Khalwa
777,23,MADHYA PRADESH,466,Khandwa (East Nimar),3716,Khandwa,0,Khandwa
778,23,MADHYA PRADESH,466,Khandwa (East Nimar),3716,Khandwa,802435,Khandwa (M Corp.)
779,23,MADHYA PRADESH,466,Khandwa (East Nimar),3717,Punasa,0,Punasa
780,23,MADHYA PRADESH,466,Khandwa (East Nimar),3717,Punasa,802436,Omkareshwar (NP)
781,23,MADHYA PRADESH,466,Khandwa (East Nimar),3717,Punasa,802437,Mundi (NP)
782,23,MADHYA PRADESH,466,Khandwa (East Nimar),3718,Pandhana,0,Pandhana
783,23,MADHYA PRADESH,466,Khandwa (East Nimar),3718,Pandhana,802438,Pandhana (NP)
784,23,MADHYA PRADESH,467,Burhanpur,0,Burhanpur,0,Burhanpur
785,23,MADHYA PRADESH,467,Burhanpur,3719,Burhanpur,0,Burhanpur
786,23,MADHYA PRADESH,467,Burhanpur,3719,Burhanpur,802439,Burhanpur (M Corp.)
787,23,MADHYA PRADESH,467,Burhanpur,3719,Burhanpur,802440,Shahpur (NP)
788,23,MADHYA PRADESH,467,Burhanpur,3720,Khaknar,0,Khaknar
789,23,MADHYA PRADESH,467,Burhanpur,3721,Nepanagar,0,Nepanagar
790,23,MADHYA PRADESH,467,Burhanpur,3721,Nepanagar,802441,Nepanagar (M)
